基础业务办理|||套餐变更|||需要修改套餐|||0
基础业务办理|||套餐变更|||流量解封不了|||4
基础业务办理|||套餐变更|||不可以不用人工服务取消业务吗？|||4
基础业务办理|||套餐变更|||我要改最低消费，为什么客服说可以，我排了2个多小时队，营业厅一句不可以。就把我发的了，我有一个套餐是三年的，原来营业厅告诉我，到期之后就可以更改。我交了三年的话费。现在到期了。打10010说可以。现在营业厅又不认帐了，我强烈要求投诉。要不把三年的话费退给我。我转网。|||4
基础业务办理|||套餐变更|||本人于昨天（2020年2月28日）联系手厅要求更换8元流量王套餐，29号晚上怀化客服部人员第一次联系我，意思是说刚刚被收回权限，同日下午收到怀化客服部工号2号人员电话反馈，说套餐下架了，两位客服人员说法不一，我对此有疑问，多问了几句工号为2号的客服人员，她表现极不耐烦，联通对老用户这么苛刻吗|||1
基础业务办理|||套餐变更|||我要改最低消费，为什么客服说可以，我排了2个多小时队，营业厅一句不可以。就把我发的了，我有一个套餐是三年的，原来营业厅告诉我，到期之后就可以更改。我交了三年的话费。现在到期了。打10010说可以。现在营业厅又不认帐了，我强烈要求投诉。要不把三年的话费退给我。我转网。|||1
基础业务办理|||套餐变更|||49元套餐没办法退，定的时候立马可以定，退的时候公司太坑人|||4
基础业务办理|||套餐变更|||你们这个大王卡有毒，说是40G流量半个月不到就用了200多G了不是看腾讯视频免流吗？我一个月都不打什么电话就花了我200多块钱了|||0
基础业务办理|||套餐变更|||你们的人工客服呢？？？智能客服根本听不懂我说什么！！我只是想将我的联通卡转为大王卡，有那么难吗？？？？！！！！|||13
基础业务办理|||套餐变更|||取消流量加速包|||0
基础业务办理|||套餐变更|||什么烂规矩最后一天不能变更套餐？霸王条款啊|||34
基础业务办理|||套餐变更|||连退个视频包都退不掉，要你这破软件有何用，坑钱没素质|||4
基础业务办理|||套餐变更|||为什么不能退？？|||34
基础业务办理|||套餐变更|||请看图片好吗|||0
基础业务办理|||套餐变更|||订的流量包怎么没法退订，先也没说是不能退订的啊，而且短信提示说不退订下月继续，那怎么退订呢|||34
基础业务办理|||套餐变更|||可换套餐吗|||0
基础业务办理|||套餐变更|||原本是一元1G，不使用流量不扣钱，客服打电话强行更改为每月固定消费30元，固定流量20G。本人无法更改。|||4
基础业务办理|||套餐变更|||这个流量包哪有退啊，愁人|||34
基础业务办理|||套餐变更|||我要申请变更套餐谢谢我也不知道最后一天不可以啊下不为例|||0
基础业务办理|||套餐变更|||忘记了在老家。我现在申请减套餐谢谢|||0
基础业务办理|||套餐变更|||为什么月底不能更换套餐，我套餐搞错了，扣那么多钱，我都没话费交了|||4
基础业务办理|||套餐变更|||我的天空空如也？嗯(′)！好看点了没有了吗呢啊！我的天呀！你几点到几点到啊啊啊啊啊啊啊啊啊啊啊啊。你有多少爱可以重来了吗你几点到校服吗丁啉！嗯┿(?)?？嗯┿(?)?你呢！你发了什么么哒？好远好远方的人民币兑换一个月后面是你说的都对的人了没呀呵呵！你发货吧唧嘴上功夫妻相亲相爱一家人民币汇率先生贵姓什么的啊哈哈哈？你有多少个人所得税收到了没有啊就是不是傻狗粮库尔勒布朗博士点赞吧唧嘴上不说的话题型男朋|||0
基础业务办理|||套餐变更|||无线接入DD上网流量费六十元是什么意思|||3
基础业务办理|||套餐变更|||最后一天8点后不能办理业务，退不了流量包，垃圾|||4
基础业务办理|||套餐变更|||取消不了了|||4
基础业务办理|||套餐变更|||居然退不了|||4
基础业务办理|||套餐变更|||我要取消30元包10G流量包月，为什么不能办，明天就1号了！！！！|||34
基础业务办理|||套餐变更|||退订流量包，小孩子误订的冰激凌圣代包。|||0
基础业务办理|||套餐变更|||没有合适的套餐？打给客服也不给解决，就不给换套餐，想让我们一直用贵的|||1
基础业务办理|||套餐变更|||就没有50元以下的套餐|||0
基础业务办理|||套餐变更|||你们的客服经常联系要求变更大流量的套餐，这个得看用户需求来定好吗？定向流量不适合大多数人用，另外加收的每天一元800M额外收费是市场需求客户认同和接受大家可以理解，但是我在不需要增加大流量套餐你们的客服经常耍求购买大流量套餐有强迫消费嫌疑让人非常讨厌。|||1
基础业务办理|||套餐变更|||谁改了我的套餐|||3
基础业务办理|||套餐变更|||5G升级包49元20G的流量包是不是下月扣费|||3
基础业务办理|||套餐变更|||月底最后一天不能改套餐为什么还不能看每个套餐的资费标准信息|||34
基础业务办理|||套餐变更|||生效好慢，都用的是话费|||1
基础业务办理|||套餐变更|||怎么办理？只喊分享|||3
基础业务办理|||套餐变更|||？？我有说我要订这个东西了吗？我明明说了不要给我订些乱七八糟的你们是想怎么样？|||3
基础业务办理|||套餐变更|||不能变更套餐|||4
基础业务办理|||套餐变更|||购机要求24个月内不得变更套餐，2018年10月购机，凭什么是2019年5月开始计算时间，极其不合理，存在欺骗行为，投诉！|||4
基础业务办理|||套餐变更|||昨天我更改了套餐，把原来218变成了99，今天我觉得更改后的套餐不适合我，我在网上营业厅点击了更改。结果新的套餐取消了，回到了没有更改前的218。我想继续变更却提示最后一天无法变更！我纳闷了，既然最后一天无法变更那我刚刚在网上营业厅又怎么变更成功？这不是自相矛盾吗？？？|||34
基础业务办理|||套餐变更|||取消升级天网卡失败。|||4
基础业务办理|||套餐变更|||6点就不能变更了吗？|||3
基础业务办理|||套餐变更|||客服电话打不通，明天又要扣月租了，我想改套餐|||1
基础业务办理|||套餐变更|||流量包怎么取消，怎么取消?|||23
基础业务办理|||套餐变更|||我去，6点就不能办理了啊？？|||34
基础业务办理|||套餐变更|||我要退订|||0
基础业务办理|||套餐变更|||月初打人工说月末再让我打人工，今天月末打了一边又叫我明天月初再打人工？变个套餐有这么难吗？|||13
基础业务办理|||套餐变更|||完全无法办理，服务太差了，可以说是下了圈套的|||1
基础业务办理|||套餐变更|||咋取消啊草|||34
基础业务办理|||套餐变更|||这个订了不能取消吗|||34
基础业务办理|||套餐变更|||我想退订|||0
基础业务办理|||套餐变更|||几遍了退订不了！！！|||4
基础业务办理|||套餐变更|||我想转沃派升级版套餐，客服告知去营业厅办理。我所在乡镇没有营业厅，交通也不方便，特殊时期外出不便能不能特殊处理？|||13
基础业务办理|||套餐变更|||退订都找不到退订的界面|||2
基础业务办理|||套餐变更|||取消不了为什么？！！人工也打不通|||13
基础业务办理|||套餐变更|||套餐客服都改不了|||14
基础业务办理|||套餐变更|||没有4G套餐变更|||4
基础业务办理|||套餐变更|||我的套餐为什么自动更变|||3
基础业务办理|||套餐变更|||没经过我的同意，私自给我开通了一个30元每月的流量包，联通营销员就是这样乱来的吗？赶紧给我取消了|||1
基础业务办理|||套餐变更|||谢怎么回事|||0
基础业务办理|||套餐变更|||流量包怎么试用|||3
基础业务办理|||套餐变更|||我要改套餐|||0
基础业务办理|||套餐变更|||2月27日有人打电话说有30元档的语音畅意打，说我是38元的套x可以多打电话。我不理解他说的内容。胡乱答应了。2月28日联通发信息说我有30元的300分钟2G国内流量订单。请麻烦帮我取消吧。我的消费每月不得超过38元。|||1
基础业务办理|||套餐变更|||换不了套餐啊|||4
基础业务办理|||套餐变更|||为啥不能退订流量包？？？？|||34
基础业务办理|||套餐变更|||什么玩意联通想换个套餐都换不了|||4
基础业务办理|||套餐变更|||疫情期，不能出门办理，怎么办？|||1
基础业务办理|||套餐变更|||为什么不能定退？点不了定退按键？？？？|||23
基础业务办理|||套餐变更|||为什么我套餐更改更改不了，|||3
基础业务办理|||套餐变更|||为什么没有4G的套餐，气人得很！！！|||3
基础业务办理|||套餐变更|||大王卡不能进行流量套餐更换|||4
基础业务办理|||套餐变更|||我的套餐费是15元一月，昨天接到湖北联通分公司的电话说回馈老客户可免费获得200分钟的电话和1G流量，我仔细问了需不需要加扣费用，她说不用，可是短信发过来却要25，我找电话过去一直没人接，就是这样欺骗老顾客的吗？|||13
基础业务办理|||套餐变更|||套餐变更为49元|||0
基础业务办理|||套餐变更|||我需要大王卡，然后不让办理|||14
基础业务办理|||套餐变更|||开通30元畅越无限量|||0
基础业务办理|||套餐变更|||套餐变更只能选择5G吗？|||3
基础业务办理|||套餐变更|||套餐无法变更|||4
基础业务办理|||套餐变更|||人工不理|||1
基础业务办理|||套餐变更|||垃圾不能再垃圾的联通，我办理的是大王卡，现在给我弄个地王卡|||4
基础业务办理|||套餐变更|||我的套餐下月到期，想更改，今天还有最后一天，人服务打不进，所有营业厅又不营业，手机营业厅上又不会操作！我想改为最简单最实惠的那种！请帮忙！|||1
基础业务办理|||套餐变更|||怎么不能退订套餐|||34
基础业务办理|||套餐变更|||订购的流量包怎么不能退订|||34
基础业务办理|||套餐变更|||回原来的反套餐，不可以改回|||4
基础业务办理|||套餐变更|||没有套餐更改！|||4
基础业务办理|||套餐变更|||什么玩意|||0
基础业务办理|||套餐变更|||升级不了大王卡套餐4G套餐都改不了人工服务也不帮改|||14
基础业务办理|||套餐变更|||换19元套餐|||0
基础业务办理|||套餐变更|||为什么套餐查不到具体的最低消费！也没法更改|||34
基础业务办理|||套餐变更|||上当了，原来39元，原来说腾讯视频VIP可以看的，加了三十元，现在每个月69没啥用，，附属套餐没用，我有两号码，回头我要退出联通了|||0
基础业务办理|||套餐变更|||客户端能改的套餐太少，都那么贵，就没有别的套餐啦吗，原来是联通最便宜现在是最贵的，坑老客户|||2
基础业务办理|||套餐变更|||10元日包和闲时流量包可以取消掉吗|||3
基础业务办理|||套餐变更|||我的话费怎么这么多，日租宝和套餐扣重复了吧，无线接入上网费用是啥，4G套又是啥，不应该扣一个套餐费用就可以了吗，我的流量40G刚提示用完就扣这么多费用|||3
基础业务办理|||套餐变更|||套餐怎么只能往上变，之前的套餐怎么变不了|||34
基础业务办理|||套餐变更|||改成最初套餐|||0
基础业务办理|||套餐变更|||人在外地，由于疫情原因无法去营业厅办理解除副卡业务。希望人工客服可以帮忙处理。之前投诉过很多次，无果。五星会员有什么用。要是还是处理不了，主卡也就不用了。换其他运营商了。|||14
基础业务办理|||套餐变更|||线上的取消业务功能没有，现在疫情这样子，还倡导到现场敬业厅办理，出任何事你们营业厅负责吗？|||24
基础业务办理|||套餐变更|||页面一直进不去显示出了一点小问题|||2
基础业务办理|||套餐变更|||无法变更|||4
基础业务办理|||套餐变更|||无法变更|||4
基础业务办理|||套餐变更|||下月套餐变更为56元的套餐或99元套餐，流量多的|||0
基础业务办理|||套餐变更|||什么辣鸡app没有查询不同套餐入口，还喜欢崩溃，没用功能一大堆，推荐的可变更套餐贵的一批辣鸡的很，就知道叫你办卡养废卡嘛，看来是得转网了|||2
基础业务办理|||套餐变更|||我没有同意办电子券30元挡的业务，怎么就给我扣费了呀！|||3
基础业务办理|||套餐变更|||不能网上办理套餐业务变更，到营业厅排队办个业务比去银行还麻烦！这是什么业务水平？真垃圾。|||1
基础业务办理|||套餐变更|||为啥我解除不了流量封顶限制|||3
基础业务办理|||套餐变更|||打无数次10000人工服务，都没有人听。垃圾联通|||1
基础业务办理|||套餐变更|||问一下我更改的套餐改过耒了吗|||0
基础业务办理|||套餐变更|||想取消39元的套餐，一直点取消一直取消不了|||2
基础业务办理|||套餐变更|||要取消一项增值业务，竟然取消不了，打10010转人工也打不进去。连续打了3天都打不进，这种服务太下流了|||1
基础业务办理|||套餐变更|||自己不能退订流量包，真的是坑货|||4
基础业务办理|||套餐变更|||我的个人信息怎么不同呢|||0
基础业务办理|||套餐变更|||我要从这个月取消这个流量包|||0
基础业务办理|||套餐变更|||改套餐|||0
基础业务办理|||套餐变更|||怎么去掉45元2GB的流量包（月包）|||3
基础业务办理|||套餐变更|||我要取消，一点用都没有。|||0
基础业务办理|||套餐变更|||我想变更套餐|||0
基础业务办理|||套餐变更|||套餐费用不能降低！希望可以处理一下|||4
基础业务办理|||套餐变更|||把本月的加的流量包取消，打客服电话怎么也打不通，怎么取消，下月又扣费了。|||1
基础业务办理|||套餐变更|||退不了流量包|||4
基础业务办理|||套餐变更|||怎么取消这些附加业务|||3
基础业务办理|||套餐变更|||变更套餐为什么不能线上办理|||3
基础业务办理|||套餐变更|||我真的不知道，什么我时候交话费，流量是怎么用完的，这个月低几号开始用下个月的流量，为什么月底就能用|||0
基础业务办理|||套餐变更|||业务退订|||0
基础业务办理|||套餐变更|||为什么我不能停止饱和，搞了好几次了，打电话电话不接，网上服务也搞不通|||1
基础业务办理|||套餐变更|||老王卡应该自动升级为新王卡|||0
基础业务办理|||套餐变更|||我想要小资费套餐，怎么改|||3
基础业务办理|||套餐变更|||变更套餐显示这个界面|||2
基础业务办理|||套餐变更|||1月底办理99元新套餐，2月生效，存300元送420元话费，但2月话费新旧套餐重复收费。|||4
基础业务办理|||套餐变更|||请问这套餐退订不了吗？|||3
基础业务办理|||套餐变更|||我要改为打1分钟电话开1分钟钱，不须要套餐，|||0
基础业务办理|||套餐变更|||太垃圾了这个软件，一点都不好用|||0
基础业务办理|||套餐变更|||流量包?BMD退订不了|||34
基础业务办理|||套餐变更|||因为我是26订购的流量包，但是订购时没注意，10个G的流量三天怎么用得完啊，我想你们变更一下吗，流量一直在的那种|||0
基础业务办理|||套餐变更|||办理业务怎么都办不了真的废|||4
基础业务办理|||套餐变更|||太贵了|||0
基础业务办理|||套餐变更|||开了个流量包还是限速的跟不开有什么区别|||3
基础业务办理|||套餐变更|||改不了套餐。|||4
基础业务办理|||套餐变更|||开了个8.8元的流量包，网速很慢很慢的|||2
基础业务办理|||套餐变更|||，流量。|||0
基础业务办理|||套餐变更|||每次都这样故障，骗子。|||4
基础业务办理|||套餐变更|||每月总50元的流量费，20元王卡定向流量，再开了套餐30元的20G的流量，开的时候也没给我讲全部流量封顶40G，我每月花这么多钱，每月最后几天我是不定套餐网络都不能用了，也不能这么欺负人啊|||0
基础业务办理|||套餐变更|||什么都办不了，真的无语，真的垃圾|||0
基础业务办理|||套餐变更|||为什么我的套餐12月份自动变更，把2G流量取消了而变成了50条短信，请问50条短信能干吗？害我在不知道的情况下花了流量，怎么解决？|||3
基础业务办理|||套餐变更|||怎么没4g套餐了|||3
基础业务办理|||套餐变更|||这不是坑人吗，这么贵的套餐才这么点流量|||0
基础业务办理|||套餐变更|||什么辣鸡卡|||0
基础业务办理|||套餐变更|||我改个套餐不行?还非要去营业厅，去个屁啊，真的是|||0
基础业务办理|||套餐变更|||十元3g闲时流量包退订不了|||4
基础业务办理|||套餐变更|||这个东西哪里来的|||0
基础业务办理|||套餐变更|||套餐不能变更，差评|||4
基础业务办理|||套餐变更|||我就想取消套餐这么难？，这么恶心人吗|||3
基础业务办理|||套餐变更|||怎么解流量包|||3
基础业务办理|||套餐变更|||套餐变更的时候一直显示有问题我快烦死了气得想自杀|||2
基础业务办理|||套餐变更|||限量40还不如用我以前的流量套餐。至少看电视从没限流过|||0
基础业务办理|||套餐变更|||你好为什么现在还没修好|||3
基础业务办理|||套餐变更|||我要取消一个月10元300M流量包|||0
基础业务办理|||套餐变更|||我申请变更套餐，可是系统处理不了2020年2月28号|||4
基础业务办理|||套餐变更|||我要取消10元300MB流量包|||0
基础业务办理|||套餐变更|||凭什么5G冰淇淋套餐不可以取消？也不可以换？|||4
基础业务办理|||套餐变更|||现在的王卡都是1元1G，我们这种以前的王卡应该免费升级为1元1G|||0
基础业务办理|||套餐变更|||现在的王卡都是1元1G，我们这种以前的王卡应该免费升级为1元1G|||0
基础业务办理|||套餐变更|||为什么取消不了增值业务|||3
基础业务办理|||套餐变更|||想换个4G套餐|||0
基础业务办理|||套餐变更|||为什么不让变更套餐？|||34
基础业务办理|||套餐变更|||贵公司员工于2月28日17点左右，打电话，后我的大王卡号莫名其妙的升级成为超级会员黄金版，现我想退订望贵公司取消。多谢!还望贵公司不要让我有经济损失。|||0
基础业务办理|||套餐变更|||怎么取消预定|||3
基础业务办理|||套餐变更|||周末流量退不了|||4
基础业务办理|||套餐变更|||定向流量包怎么试用呢？|||3
基础业务办理|||套餐变更|||我这个月开通的5G套餐99的，首月开通的优惠49元，3月份我想退了，怎么退|||34
基础业务办理|||套餐变更|||出现问题了我希望马上恢复这个问题谢谢|||0
基础业务办理|||套餐变更|||找不到客服|||1
基础业务办理|||套餐变更|||找不到19元的王卡|||2
基础业务办理|||套餐变更|||只能变更贵的便宜的变更不了很扯很套路|||4
基础业务办理|||套餐变更|||为什么可以app上办理业务，取消非得去当地线下营业厅|||0
基础业务办理|||套餐变更|||我的合约这个月已经到期了，为什么不能变更？|||34
基础业务办理|||套餐变更|||为什么无法取消订单|||34
基础业务办理|||套餐变更|||换不了套餐|||4
基础业务办理|||套餐变更|||为什么4G套餐全部没了|||3
基础业务办理|||套餐变更|||更改流量然后我输入验证码也不知道往哪输入|||2
基础业务办理|||套餐变更|||为啥找不到自由组合套餐|||23
基础业务办理|||套餐变更|||无法退订|||4
基础业务办理|||套餐变更|||20元5g的退订不了|||4
基础业务办理|||套餐变更|||我订购的地王卡套餐我需要取消|||0
基础业务办理|||套餐变更|||拨打人工客服电话始终无人接听，导致流量套餐变更无法变更|||1
基础业务办理|||套餐变更|||不能在线退订不需要的额外业务|||4
基础业务办理|||套餐变更|||为什么更不了|||3
基础业务办理|||套餐变更|||啥啊。。加速包订阅不了|||4
基础业务办理|||套餐变更|||我想退一下这个套餐|||0
基础业务办理|||套餐变更|||什么垃圾，退了会员给我自己开？|||3
基础业务办理|||套餐变更|||我是乌鲁木齐18690151155机主，我要变更套餐，四个月都变更不了，我在上海联通营业厅才了解到，我有套餐，一个刚才取消了，一个要到2026年8月，我不明白，我认为有黑幕，我要维权|||0
基础业务办理|||套餐变更|||我要退套餐|||0
基础业务办理|||套餐变更|||连个更换套餐都没有|||2
基础业务办理|||套餐变更|||这是什么|||3
基础业务办理|||套餐变更|||为什么办理不了4G流量|||34
基础业务办理|||套餐变更|||开通停机保号功能或改18元套餐资费|||0
基础业务办理|||套餐变更|||客服连不上，套餐改不了...我要更换新套餐，app业务不能更改....|||1
基础业务办理|||套餐变更|||越来越垃圾了|||0
基础业务办理|||套餐变更|||如何退订|||3
基础业务办理|||套餐变更|||取消订单|||0
基础业务办理|||套餐变更|||吐槽|||0
基础业务办理|||套餐变更|||一堆问题什么都是出现了一些问题稍后再试|||0
基础业务办理|||套餐变更|||怎么解除副卡|||3
基础业务办理|||套餐变更|||我想更改套餐，找不到网上客服帮忙|||1
基础业务办理|||套餐变更|||换套餐就给我这样？真有你们的|||0
基础业务办理|||套餐变更|||不能自己变更套餐|||1
基础业务办理|||套餐变更|||变更套餐失败|||4
基础业务办理|||套餐变更|||变更套餐都变更不了|||4
基础业务办理|||套餐变更|||我想取消这个套餐，怎么就这么难呢？|||3
基础业务办理|||套餐变更|||无法打开|||4
基础业务办理|||套餐变更|||无法停机报号，打电话也没人接，手机上也弄不了，|||4
基础业务办理|||套餐变更|||由于疫情无法去现场办理融合套餐撤机，居然还要收停机保号费，非常不合理|||1
基础业务办理|||套餐变更|||辣鸡玩意，根本改不了|||0
基础业务办理|||套餐变更|||我要取消这个流量套餐，完全找不到窗口，客服也是一直搞不了，真的醉了|||12
基础业务办理|||套餐变更|||我没有订购那个套餐。|||0
基础业务办理|||套餐变更|||现在不能出门，怎么去办？移动的怎么可以办呢|||13
基础业务办理|||套餐变更|||刚升级的地网卡想改回原来的大王卡取消大王卡显示系统错误请谅解拨打客服客服不接强制消费吗用了好几年就这么对我|||24
基础业务办理|||套餐变更|||快点取消这个套餐。|||0
基础业务办理|||套餐变更|||我刚才无意搞错了|||0
基础业务办理|||套餐变更|||为什么不能换36元的|||3
基础业务办理|||套餐变更|||流量附加包无法取消。以多次与客服约通。客服让按短信提示操作取消。但始终取消不了。|||4
基础业务办理|||套餐变更|||什么都不能办理要网厅干嘛呢，要能去营业厅至于这样吗|||23
基础业务办理|||套餐变更|||坑爹的联通|||0
基础业务办理|||套餐变更|||上次你们那个营销电话打过来我就接了，但是呢，他在推销5G套餐，我都告诉他我不要，但是后来发了个短信呢，说我的5e套餐申请成功，我是想取消，我根本没有申请，请问怎么取消？但短信给我删掉了，他是说3月1号生效|||3
基础业务办理|||套餐变更|||想取消，能否取消|||3
基础业务办理|||套餐变更|||疫情时期，还不得不到线下办理业务，你们安的|||1
基础业务办理|||套餐变更|||我都说了退订地王卡就是办理不成功|||4
基础业务办理|||套餐变更|||还有没有王卡福利2选1的活动|||3
基础业务办理|||套餐变更|||几次三番投诉套餐不合用?要更改?都无人处理跟进?要投诉客服|||1
基础业务办理|||套餐变更|||没有4G套餐变更业务，只是5G变更，没有为不同的客户提供需求，联通的中小客户恐怕是看不上|||4
基础业务办理|||套餐变更|||能不能取消黄金会员|||3
基础业务办理|||套餐变更|||明明是大王卡，为什么每个月还要交月租50块？|||3
基础业务办理|||套餐变更|||可以把套餐关了吗|||3
基础业务办理|||套餐变更|||根本就办理不了业务，辣鸡得很|||4
基础业务办理|||套餐变更|||取消该流量包|||0
基础业务办理|||套餐变更|||我想能在网上就能取消套餐！还要出门去营业厅太麻烦了，家又远！|||12
基础业务办理|||套餐变更|||为什么冰淇淋套餐不能变更其他套餐，只能变更更贵的冰淇淋套餐？|||34
基础业务办理|||套餐变更|||我的话费啷个变多了，基本我只用哈流量，没打过电话撒的，而且有个129的话费套餐是什么，我在学校办的不是这样的呀，我真搞不懂，我已经没钱交了，才发现，跟我停机了|||0
基础业务办理|||套餐变更|||我的话费啷个变多了，基本我只用哈流量，没打过电话撒的，而且有个129的话费套餐是什么，我在学校办的不是这样的呀，我真搞不懂，我已经没钱交了，才发现，跟我停机了|||0
基础业务办理|||套餐变更|||联通是你妈真他妈垃圾|||0
基础业务办理|||套餐变更|||输入验证码没界面个哪输入|||2
基础业务办理|||套餐变更|||我要退订这个|||0
基础业务办理|||套餐变更|||随意更改我的资费，|||0
基础业务办理|||套餐变更|||为什么现在办理不了日租包呢|||3
基础业务办理|||套餐变更|||请问怎么退订流量套餐！|||3
基础业务办理|||套餐变更|||为什么退顶不了30圣代流量包|||34
基础业务办理|||套餐变更|||不能变更套餐|||4
基础业务办理|||套餐变更|||套餐变更内无最低资费套餐，都是较高资费套餐，恶意诱导客户|||4
基础业务办理|||套餐变更|||人工联系不上异地营业厅办理不了停复机办不了垃圾联通考完试再也不会用了|||1
基础业务办理|||套餐变更|||套餐变更无法办理最低套餐！！！！人工没人接，app无法办理。|||14
基础业务办理|||套餐变更|||垃圾系统，为什么变更套餐就没有？只能越换越贵的？对联通失望至极，下次能出去后第一件事转网|||4
基础业务办理|||套餐变更|||为什么我不能取消现有订单。|||34
基础业务办理|||套餐变更|||一直都更新不出来|||2
基础业务办理|||套餐变更|||辣鸡|||0
基础业务办理|||套餐变更|||本机号码未参与合约，为何不能变更套餐|||34
基础业务办理|||套餐变更|||4114030193|||0
基础业务办理|||套餐变更|||骗人|||0
基础业务办理|||套餐变更|||为什么没有新的套餐总是那些乱七八糟的套餐。这都几年了套餐都不变么。|||3
基础业务办理|||套餐变更|||我要销户|||0
基础业务办理|||套餐变更|||我要投诉联通客服，为什么我实名制补登记弄了还不能更改套餐，打了几天打是这样|||1
基础业务办理|||套餐变更|||4G的套餐可以升级成5G的，为啥就不能撤回了？|||34
基础业务办理|||套餐变更|||有问题|||0
基础业务办理|||套餐变更|||我要取消我的地王卡为什么不得|||34
基础业务办理|||套餐变更|||套餐更改有问题|||4
基础业务办理|||套餐变更|||你们在不给我处理，我就要晒网上了|||0
基础业务办理|||套餐变更|||卡成狗|||1
基础业务办理|||套餐变更|||我要撤销地王卡套餐|||0
基础业务办理|||套餐变更|||请问我的套餐是56一个月为什么欠费66|||3
基础业务办理|||套餐变更|||退订为什么那么久了都不行，退了几百次都不行|||4
基础业务办理|||套餐变更|||我想退订那个每月最低消费40元赠流量，可是没法退|||4
基础业务办理|||套餐变更|||原本有10G的流量现在怎么还有1G|||3
基础业务办理|||套餐变更|||无法进入使用|||2
基础业务办理|||套餐变更|||我想知道我为什么欠费了？？之前开通是69一个月现在怎么变成99了？|||3
基础业务办理|||套餐变更|||这个流量包不用每月还花钱不能注销吗|||3
基础业务办理|||套餐变更|||这个套餐是客服打电话给我订的，我不知道有合约期，现在改不了套餐，|||1
基础业务办理|||套餐变更|||我有没有订购为什么会有坑|||3
基础业务办理|||套餐变更|||垃圾不能取消业务|||4
基础业务办理|||套餐变更|||退订不了|||4
基础业务办理|||套餐变更|||办理不了套餐变更|||4
基础业务办理|||套餐变更|||费用太高，我需要办5元养卡套餐|||0
基础业务办理|||套餐变更|||我要变更回以前的套餐|||0
基础业务办理|||套餐变更|||我想知道合约是啥时候弄的我想换套餐|||3
基础业务办理|||套餐变更|||我的问题麻烦帮我解决一下|||0
基础业务办理|||套餐变更|||我刚开始办理的一个日租五元2G的流量包等了一会流量没来我又点进去又点了一下结果又办理的一个我想退订一个你们的人工客服根本联系不上中国联通客服也不管怎么办我要退订一个|||1
基础业务办理|||套餐变更|||套餐取消不了|||4
基础业务办理|||套餐变更|||如何取消这个套餐|||3
基础业务办理|||套餐变更|||电话人工客服，让发29的套餐资费，也没发，手机营业厅的客服都是自动回复，发的链接也打不开。|||1
基础业务办理|||套餐变更|||我要取消月租流量包|||0
基础业务办理|||套餐变更|||为什么王卡转套餐会失败？微信王卡助手不行，手机营业厅也不行，联通客服也不能办理，这是干嘛呢？|||134
基础业务办理|||套餐变更|||不能取消套餐，怎么回事，给个合理的解释，不然马上销户|||4
基础业务办理|||套餐变更|||只能订不能取消，这是霸王条款吗？|||4
基础业务办理|||套餐变更|||你好请问我要退十元流量包怎么办理|||34
基础业务办理|||套餐变更|||设置得好，知道我的合约到期，我要更变套餐，又要到营业厅办，网上不能够办？，|||34
基础业务办理|||套餐变更|||多少流量都不知，还乱扣费，流量又没有。|||0
基础业务办理|||套餐变更|||套餐变更不了，查询查不了，我都不知道这个软件能干什么用？|||4
基础业务办理|||套餐变更|||我一不小心将套餐更改为了地网卡，上面是可以取消的，但是说我订购失败，我真嘞服了。联通就是厉害，就讲这点信用都没得。如果取消不了，为什么还要搞一个取消在哪里，我真的很气，难道联通就是这样欺骗消费者的，不得不说套路太深，牛逼|||24
基础业务办理|||套餐变更|||不能取消|||4
基础业务办理|||套餐变更|||取消叠加流量包！|||0
基础业务办理|||套餐变更|||我要取消叠加流量包！|||0
基础业务办理|||套餐变更|||5G资费过高，无法更改4G资费|||4
基础业务办理|||套餐变更|||套餐不能更改，要去营业厅。中国联通APP太差|||4
基础业务办理|||套餐变更|||以前每个月要交100块钱，一年前，宜昌联通来电，告知可以无限流量，加10块钱就可以，我同意就ok.一年后今天发现这个话费要149.，宝宝心里不平衡了，电话沟通强烈要求改回原套餐，不然情愿换新号，宜昌客服态度不好，叫我回湖北办啊，找以前办的那个经理，我怎么找她？现在疫请还没结束，我在成都，问了朋友，叫我到成都大营业厅，这不是坑害人民拿人民群众生命开玩笑嘛|||1
基础业务办理|||套餐变更|||为什么我原来的无限流量套餐变成了每月30GB流量套餐？网速还给我下降了？|||13
基础业务办理|||套餐变更|||流量能改用到全民K歌上吗？|||3
基础业务办理|||套餐变更|||套餐变更打10010人工客服竟然说没有权限让去营业厅拿身份证办理这我不服了打人工客服变高价套餐可以这一下办理最低套餐为啥不行你这属于欺骗消费者光着我都可以投诉你们还说等2天会回电话这2天都下个月了还带多收我一个月话费不行我就是倔2天内必须给我解决要不我就打电话投诉|||1
基础业务办理|||套餐变更|||手机营业厅连套餐都不能办了吗|||34
基础业务办理|||套餐变更|||我根本就没有订购这个套餐，怎么生效的，这是我大学在四川读书时用的卡，我现在到贵州工作，我不知道这个套餐对我有什么用，我白白少钱吗？|||3
基础业务办理|||套餐变更|||我明明已经发信息取消了还在给我继续订！为什么不停止！而且也显示我退订成功了为什么套餐还在续！欺诈消费者这是。|||4
基础业务办理|||套餐变更|||真烦，更改套餐无数次都没有更改成功，办卡的地方都跑不好意思了，求帮忙|||4
基础业务办理|||套餐变更|||退订|||0
基础业务办理|||套餐变更|||骗我办理96的套餐无限流量，结果是假的，还说可以随时取消套餐，结果再打电话打不通了。取消还遭解合约赔偿|||1
基础业务办理|||套餐变更|||为什么没有退订选项|||4
基础业务办理|||套餐变更|||退订不了是什么意思|||4
基础业务办理|||套餐变更|||为什么不能在网上办理套餐变更啊？本人不在国内无法去营业厅办理。|||2
基础业务办理|||套餐变更|||请尽快解决|||0
基础业务办理|||套餐变更|||我取消不了下个月的地王卡|||4
基础业务办理|||套餐变更|||网络信号差，收费又高|||1
基础业务办理|||套餐变更|||流量上限解封总是失败|||4
基础业务办理|||套餐变更|||你好，我想请问为什么既没有到月底我也没有欠费，可就是不能将地王卡转为大王卡？|||34
基础业务办理|||套餐变更|||现在的手机营业厅都不能自己办理套餐。要么都是比较高的套餐。几十块的套餐都取消了。联通太霸道了。本来没有协议期的号码。可以自由修改套餐的。现在你们做的是越来越差了。|||4
基础业务办理|||套餐变更|||怎么退订流量包|||3
基础业务办理|||套餐变更|||我想仅保留通话功能，不想使用此卡|||0
基础业务办理|||套餐变更|||取消套餐变更多次失败，得不到及时解决，|||4
基础业务办理|||套餐变更|||垃圾取消流量包包月在哪|||2
基础业务办理|||套餐变更|||根本没有取消闲时流量套餐选项！无法取消套餐|||2
基础业务办理|||套餐变更|||取消订单，取消20元4g流量长期订单|||0
基础业务办理|||套餐变更|||我想办一个最低消费的套餐，什么都没有的|||0
基础业务办理|||套餐变更|||我10月份的时候根本就没办理过500的流量，为什么会有这个套餐，而且打电话也没有客服接，直接给我取消了，把扣的钱返给我，要不我直接投诉你们|||1
基础业务办理|||套餐变更|||为什么我的套餐改不了|||34
基础业务办理|||套餐变更|||取消失败|||0
基础业务办理|||套餐变更|||流量是办理，为什么流量没变，钱一直在扣啊|||3
基础业务办理|||套餐变更|||我原来为19元大王卡，你们怎么不经我同意改成68元套餐，马上改过来，要不我将维护我正常权利|||1
基础业务办理|||套餐变更|||网上停N保号登了n次，就是办不了。这就是海南联通，无语。|||1
基础业务办理|||套餐变更|||为啥没有啊？差评差评差评。|||0
基础业务办理|||套餐变更|||记得上次打电话给客户让他改回日租卡套餐，现在还是68的套餐，这个联通信用怎么那么差|||1
基础业务办理|||套餐变更|||没有问过客户有没有同意套餐升级就胡乱给客户升级套餐，这实在不能忍，她打电话给我我问她月租会不会变她跟我说跟以前一样的月租，然后给我升级昨天刚撤销今天连问我都没有就通知我次月升级地王卡，怎么会有这种人在你们那里上班|||1
基础业务办理|||套餐变更|||垃圾，办的时候说可以改，现在改不了还要跑营业厅太辣鸡了太忽悠人了|||0
基础业务办理|||套餐变更|||无法变更套餐套餐不合算差劲扣钱还多|||4
基础业务办理|||套餐变更|||不能取消套餐嘛？|||34
基础业务办理|||套餐变更|||只有我的是这样的，什么也看不到，其他人的手机都可以看，快点处理|||2
基础业务办理|||套餐变更|||无法销户|||4
基础业务办理|||套餐变更|||我什么时候定20元流量套餐?不是一个月39元吗？|||3
基础业务办理|||套餐变更|||哪个傻子给我升的5G套餐，经过我同意了么，就给我升5G？？？|||3
基础业务办理|||套餐变更|||没有办理变更套餐，为什么2019年11月变更为冰激凌套餐|||3
基础业务办理|||套餐变更|||退不了|||4
基础业务办理|||套餐变更|||联系个客服怎么就怎么难呀！非常时期，我下载了联通手机营业厅，办个业务都办不了，人家移动啥时候打电话都有人接待，真的用的伤心！我就想变更个套餐业务怎么难吗？？？？|||13
基础业务办理|||套餐变更|||流量包使用不了|||4
基础业务办理|||套餐变更|||流量套餐用不了|||4
基础业务办理|||套餐变更|||我的合约套餐2月底到期了，需要改套餐，但手机营业厅合约没到期改套餐功能没开放，提示合约到期才能改，可是合约到期就是3月份了，又告知更改套餐从下个月生效，岂不是我要多交一个月的原套餐费用。我挂人工电话也一直挂不进去。怎么办？|||1
基础业务办理|||套餐变更|||为什么不能网上变更套餐|||34
基础业务办理|||套餐变更|||我想要退掉9元6GB网易定向流量包|||0
基础业务办理|||套餐变更|||我要取消每个月40元包5G的流量包，为什么取消不了？|||34
基础业务办理|||套餐变更|||办理的套餐变更蚂蚁大宝卡变更阿里小宝卡，让我一分钟后在我的套餐里查询办理情况，进去什么也没有，有没有变更成功能不能通知下|||3
基础业务办理|||套餐变更|||根本就点不开|||2
基础业务办理|||套餐变更|||刚交上30块钱的话费就没有了|||0
基础业务办理|||套餐变更|||套餐不让自己变更|||4
基础业务办理|||套餐变更|||为什么立即生效到现在也没生效|||3
基础业务办理|||套餐变更|||我想换一个8元的套餐，打给人工客服，他不给我换，让我到线下营业厅？？？现在疫情还没结束，让我去营业厅不是送死？我决定如果再不给我办理，我就去工信部投诉吧，反正你们也不给我办理是吧|||1
基础业务办理|||套餐变更|||我的是外地卡，变更个套餐跑了几趟营业厅都说只能归属地去办理？逗我呢？|||3
基础业务办理|||套餐变更|||一直无法变更套餐，联通客服也是一直不接。微信和联通手机营业厅都试过了，怎么办|||34
基础业务办理|||套餐变更|||为什么这个套餐不能取消？点错了，我不想升级天王卡！！|||34
基础业务办理|||套餐变更|||这玩意倒是给我退了呀人工人工不接APP还退不了|||1
基础业务办理|||套餐变更|||为什么没有？上个月和我说换这个套餐还是68现在变88你们好厉害啊？欺骗消费者？牛啊|||34
基础业务办理|||套餐变更|||大家都别用联通。乱扣话费，乱改套餐。|||0
基础业务办理|||套餐变更|||电话联系我改了套餐，改后我没有用到套餐的优惠，想改回以前的套餐，1.手机营业厅改不了。2.客服电话接不通。3.预约回复电话也没打来。请问你们这是什么服务？只管骗钱不管售后吗？|||14
基础业务办理|||套餐变更|||为什么减不了月租|||4
基础业务办理|||套餐变更|||为什么更改不了套餐|||34
基础业务办理|||套餐变更|||闲时流量包没法退订|||4
基础业务办理|||套餐变更|||办完流量用不了|||4
基础业务办理|||套餐变更|||为什么取消不了白金会员？|||34
基础业务办理|||套餐变更|||我想把地王卡改为大王卡|||0
基础业务办理|||套餐变更|||你妈臭傻逼，定破规则死你全家。日你妈，我是1月9日到期，你妈卖逼，疫情期间，我不能转网，让我多交几个月话费，死你全家|||4
基础业务办理|||套餐变更|||套装变更坑人|||0
基础业务办理|||套餐变更|||套餐变更总是失败|||4
基础业务办理|||套餐变更|||根本没有进行办理|||4
基础业务办理|||套餐变更|||想取消天王卡|||0
基础业务办理|||套餐变更|||变更后乱扣费|||0
基础业务办理|||套餐变更|||NB啊，在学校营业厅问了半天说是得年底才能改成39的套餐，现在告诉我39的没了，啥意思？？？骗人来了？？？|||3
基础业务办理|||套餐变更|||想变更套餐，去联通营业厅6次了，还是改不了，打客服电话10次了，也改不了套餐，怎么回事？营业厅让我找客服，客服让我找营业厅，都不让改套餐，去营业厅路又很远，太麻烦了|||134
基础业务办理|||套餐变更|||为啥网上不能变更套餐，太不方便了，打个人工服务，一直转接不了，真的用户体验性，差评!!!!!!!|||124
基础业务办理|||套餐变更|||今天需要办改19元套餐一个月就行好便宜|||0
基础业务办理|||套餐变更|||总是用我的一元一G流量|||0
基础业务办理|||套餐变更|||我要换回我以前的套餐|||0
基础业务办理|||套餐变更|||为什么不给我办理网卡变更|||34
基础业务办理|||套餐变更|||流量包为什么不可以退订|||34
基础业务办理|||套餐变更|||无法自己更改套餐|||4
基础业务办理|||套餐变更|||4G转5G套餐办理不了，不知什么原因|||34
基础业务办理|||套餐变更|||刷新不出来|||2
基础业务办理|||套餐变更|||为啥变更不了试了十几次|||34
基础业务办理|||套餐变更|||打10分钟电话都不能转接人工客服，差评|||1
基础业务办理|||套餐变更|||变更不了|||4
基础业务办理|||套餐变更|||每个月免费领取的流量没有了|||0
基础业务办理|||套餐变更|||我办卡的时候不是说是200G的吗这怎么还是40G的呀能帮我解决一下吗|||3
基础业务办理|||套餐变更|||不能退订|||4
基础业务办理|||套餐变更|||套餐变更好麻烦，为什么线上变更这段时间不能用|||4
基础业务办理|||套餐变更|||为什么我冲的流量包不能用|||34
基础业务办理|||套餐变更|||为什么在App里面还不能自助退订套餐？人工电话又不接|||134
基础业务办理|||套餐变更|||那天我在打游戏，有个客服打电话来推销，说要给我升级，但是我说我在打游戏过会回你，现在我发现我已经自动签约了那个什么0元预存活动.，我不想要参与这个活动，我要解约。|||1
基础业务办理|||套餐变更|||变更套餐无法选择腾讯大王卡|||4
基础业务办理|||套餐变更|||现在4G套餐呢？现在连套餐都换不了，要你联通卡有什么用？|||3
基础业务办理|||套餐变更|||无法取消N年前买过的一个流量包，被迫扣了好久的钱|||4
基础业务办理|||套餐变更|||辣鸡|||0
基础业务办理|||套餐变更|||啥几把也改不了垃圾|||0
基础业务办理|||套餐变更|||大王卡升级地王卡不需要机主同意的么|||3
基础业务办理|||套餐变更|||业务办理强买强卖，退订个业务，找客服说发短信取消，发短信永远发不出去。再打客服，一直就各种周旋，说要提供什么什么，提供了身份证号码和住址还说不行，一说转网人家跟你急，说这个更复杂哟。|||1
基础业务办理|||套餐变更|||莫名开通业务,花了200,能饭钱嘛|||0
基础业务办理|||套餐变更|||停机有WIFI也不能发消息？|||3
基础业务办理|||套餐变更|||不知道怎么套餐就变更了，大王卡变成了地王卡|||0
基础业务办理|||套餐变更|||800M的日租宝第一天用不完第二天就自动归零了吗？|||3
基础业务办理|||套餐变更|||我要取消地王卡|||0
基础业务办理|||套餐变更|||怎么回事怎么更改不了套餐，这都27号了|||4
基础业务办理|||套餐变更|||我没有副卡为什么不能线上变更|||4
基础业务办理|||套餐变更|||本卡存在诱导消费！什么时候开通的黄金会员了！帐目不明！网上营业厅都查询不到！可是多扣30元话费！想更改套餐！都办理不了|||4
基础业务办理|||套餐变更|||太垃圾了吧|||0
基础业务办理|||套餐变更|||坑你爹呢？？？|||0
基础业务办理|||套餐变更|||为什么变更套餐只能变更为5G套餐，还那么贵，吃相真难看，携号转网了。|||4
基础业务办理|||套餐变更|||办的时候特别快退的时候系统加跟出了毛病一样|||4
基础业务办理|||套餐变更|||试过很多次，取消不了|||4
基础业务办理|||套餐变更|||取消不了套餐，太坑了|||4
基础业务办理|||套餐变更|||我昨天刚充完30不到十分钟又欠话费19|||0
基础业务办理|||套餐变更|||阿里宝卡转腾讯王卡转不了|||4
基础业务办理|||套餐变更|||我想改套餐！页面不显示其它套餐供选择！无语！！！|||24
基础业务办理|||套餐变更|||手滑办了两个加油包，不可以取消么|||3
基础业务办理|||套餐变更|||改套餐，手机上改不了|||2
基础业务办理|||套餐变更|||无法操作，|||4
基础业务办理|||套餐变更|||根本找不到解绑亲情号|||4
基础业务办理|||套餐变更|||为啥子这么垃圾|||0
基础业务办理|||套餐变更|||我以前办理的是76元的费用，为什么现在成了99元了？|||3
基础业务办理|||套餐变更|||为什么我只能改比我现有套餐更贵的套餐呢|||3
基础业务办理|||套餐变更|||不用了，退|||0
基础业务办理|||套餐变更|||什么玩意，我TM打游戏都卡|||1
基础业务办理|||套餐变更|||我这卡买的时候说是40g限速的，可用到20g就限速了，说发信息到10016就可以用到40g限速了可发了好多遍都显示失败，我不知道咋整，希望工作人员尽快处理一下。|||4
基础业务办理|||套餐变更|||我这卡买的时候说是40g限速的，可用到20g就限速了，说发信息到10016就可以用到40g限速了可发了好多遍都显示失败，我不知道咋整，希望工作人员尽快处理一下。|||0
基础业务办理|||套餐变更|||我受不了啦，没有经过我的本人签字的，请不要开通其它业务！因为手机是和小孩共同使用的。小孩不能理解什么?|||0
基础业务办理|||套餐变更|||我受不了啦，没有经过我的本人签字的，请不要开通其它业务！因为手机是和小孩共同使用的。小孩不能理解什么?|||0
基础业务办理|||套餐变更|||我受不了啦，没有经过我的本人签字的，请不要开通其它业务！因为手机是和小孩共同使用的。小孩不能理解什么?|||0
基础业务办理|||套餐变更|||买错了|||0
基础业务办理|||套餐变更|||疫情期间也需要我们变更套餐去营业厅吗？被感染了你负的了责任吗|||1
基础业务办理|||套餐变更|||升级天王卡业务无法取消|||4
基础业务办理|||套餐变更|||接触流量封顶30分钟了还用不了数据|||4
基础业务办理|||套餐变更|||什么意思玩觉得我办联通卡是错误的|||0
基础业务办理|||套餐变更|||垃圾，一群垃圾公司|||0
基础业务办理|||套餐变更|||湖北黄冈这么严重的疫情，你让我到附近营业厅去！|||1
基础业务办理|||套餐变更|||疫情期间你让我到营业厅去？|||1
基础业务办理|||套餐变更|||为什么手机上不能变更套餐？疫情期间又不能出门，营业厅也不能开门！|||1
基础业务办理|||套餐变更|||客服电话说下月送100分钟话费，那知道把下个月套餐改了，感到联通客服忽悠人了，|||1
基础业务办理|||套餐变更|||无法修改套餐|||4
基础业务办理|||套餐变更|||连最基本的套餐变更都不能完成，研发个app有什么用？故意为难用户？疫情时期非要用户往营业厅跑？你敢开门吗|||13
基础业务办理|||套餐变更|||我不知道你们咋给我订的这么一个坑爹套餐10块就一个G，取消也取消不了|||34
基础业务办理|||套餐变更|||我购买的3G加油包为什么不能用？|||34
基础业务办理|||套餐变更|||无法变更套餐|||4
基础业务办理|||套餐变更|||不满意服务太差|||1
基础业务办理|||套餐变更|||希望回电给个解释|||1
基础业务办理|||套餐变更|||为什么不能更改套餐|||34
基础业务办理|||套餐变更|||说是免流但是免流软件使用效果十分糟糕，不如不要免流直接算正常流量。所以可以取消部分软件的免流吗，使用正常流量|||3
基础业务办理|||套餐变更|||我要改变套餐，取消套餐|||0
基础业务办理|||套餐变更|||褚上剿止我的套餐，取消每月向我收偻40元的套餐，即r生效。|||0
基础业务办理|||套餐变更|||不可以变更|||4
基础业务办理|||套餐变更|||网络越来越差套餐又没办法自由变更了差评差评差评|||14
基础业务办理|||套餐变更|||为什么不能网上变更套餐，怎么感觉一个月得充好几次话费，地王卡怎么回事|||34
基础业务办理|||套餐变更|||无法在手机端退订冰激凌套餐升级包|||4
基础业务办理|||套餐变更|||操作失误|||0
基础业务办理|||套餐变更|||差|||0
基础业务办理|||套餐变更|||今天莫名其妙被改套餐，请马上改过来，否则我投诉到工信部。瞎搞！昨天有人打电话来，使用流量不要钱了，怎么就搞成月48元了啊，也没有说要改套餐啊，你们不能这样干，太唬人了，我平时很少用的，用不了这么多。请立刻改过来，处理受理人。|||1
基础业务办理|||套餐变更|||别的都能打开就变更套餐打不开存心不想叫我们变更？？？|||34
基础业务办理|||套餐变更|||看不到哪里可以取消套餐变更|||4
基础业务办理|||套餐变更|||就没有一次可以有个客服或者套餐什么的弹出来可以更换，永远都说有一点点小问题，每次都是这样是小问题吗？难怪软件评分那么差，重新做个软件吧！从微信小程序，公众号，APP，询问查询那么久，只知道让我看视频，真的没见过换一个流量套餐要这么费事情，还没办成，一到提交就连不上网，再难也要提交上去，让你们自己看看到底有多烂！|||124
基础业务办理|||套餐变更|||我想改这个卡的套餐，因为当时办卡的时候很急没注意作为学生平时用手机的时间并不长所以费用有点高想改一下套餐|||0
基础业务办理|||套餐变更|||网不好还是怎么滴想改个套餐就这么难吗|||134
基础业务办理|||套餐变更|||充流量了，太慢到账了|||1
基础业务办理|||套餐变更|||开通时间2019年10月1号，办理时并未说有合约，2020年2月5号自动办理了一个时长1年的合约（期间不可销号和变更套餐，办理此套餐本人完全不知情，也未经过本人同意），合约生效日期为2020年3月1号，因本人经济实力有限，希望可以解除合约办理销户，如果不行希望可以变更低消费套餐，本人QQ3115673778，微信s13111755103，电话15679729952|||0
基础业务办理|||套餐变更|||我没有订购这合约套餐。请帮我解约这个套餐，又多扣了我30元，刚充的话费又没了|||0
基础业务办理|||套餐变更|||我没有开通这个合约版的套餐，本来39元一个月，现在又加了30元，就69了，请帮我解约这个套餐|||0
基础业务办理|||套餐变更|||流量包无法退订|||4
基础业务办理|||套餐变更|||为什么显示没有套餐更改，是不是等着我们这些老用户，携号转网是吗|||2
基础业务办理|||套餐变更|||退定不了吗|||34
基础业务办理|||套餐变更|||说是原套餐基础上再缴费五十元，流量不限，我感觉这个钱白缴费了！每个月都超额|||0
基础业务办理|||套餐变更|||没有4G套餐变更选项|||2
基础业务办理|||套餐变更|||无法解封流量限制|||4
基础业务办理|||套餐变更|||找不到人工客服，请问有没有实惠优惠点的流量套餐。。。。|||1
基础业务办理|||套餐变更|||试了两天了，都说连接超时，打人工坐席繁忙，改个套餐咋这么难，一打10010就说让用手机营业厅，要能用手机营业厅解决我也不想打人工|||1
基础业务办理|||套餐变更|||垃圾。|||0
基础业务办理|||套餐变更|||联通都是吃鸡巴的，网上营业厅连个套餐都是有啥都查不出来，真鸡巴扯淡，撒逼领导|||0
基础业务办理|||套餐变更|||为什么要钱说的宽带|||0
基础业务办理|||套餐变更|||垃圾联通，营业厅是诈骗犯，我买这个号码的时候骗我说用满一年当前的套餐就可以改成你想要改的套餐，结果还给我加了个靓号协议，加了协议也没告知我。分明就是骗我买了这张卡，现在找营业厅说可以帮我申请为69元的套餐，麻蛋，当初跟我说的是用满当前套餐一年可以任我选择改套餐的，现在呢？帮我申请？我才不要，骗子|||13
基础业务办理|||套餐变更|||我想要一元一G流量包。不用月租这个月租太贵了我只想要4G套餐，不要5g套餐。|||0
基础业务办理|||套餐变更|||加载不出来。|||2
基础业务办理|||套餐变更|||不是四十G限速卡幔觞N搞成了一元800了，你不是故意搞人幔?檫始揠理的r候都是真的40G后限速，你呃不是在搞人嘛|||0
基础业务办理|||套餐变更|||辣鸡|||0
基础业务办理|||套餐变更|||语音流量附属包月费30元是怎么回事?我不需要这个，也没订购，25号下午02968270522这个电话号码打过来说是针对老用户有个0元套餐不收费，我说那行，结果第二天就扣我30元，我想问问怎么回事|||3
基础业务办理|||套餐变更|||怎么变更套餐变更不了|||34
基础业务办理|||套餐变更|||2月14号我办了一个圣代冰淇淋套餐说每个月都有返还30元的电子代金唬艺也坏剑倚畔⒁裁环⒐?来不是说我稀罕你的什么冰淇淋套餐，没有合理的解决方法我只能取消这个套餐了。这些通话短信我真的用不上。|||0
基础业务办理|||套餐变更|||不小心点错了，现在取消不了！|||4
基础业务办理|||套餐变更|||取消不了！！！！！|||4
基础业务办理|||套餐变更|||为啥流量包不能退订|||34
基础业务办理|||套餐变更|||想要变更套餐打电话让我下载APP下载之后又让我找附近的营业厅现在这种情况就算有营业厅怎么出去还是个办法|||0
基础业务办理|||套餐变更|||副卡怎么注销？问客服让我把主卡注销，不让用了是吧|||34
基础业务办理|||套餐变更|||白银版流量套餐怎样取消套餐|||34
基础业务办理|||套餐变更|||为什么不能变套餐|||34
基础业务办理|||套餐变更|||连WLAN也扣话费，不仅扣费，40G的流量无缘无故不见了牛逼的大王卡，说什么优惠，TM巨坑|||0
基础业务办理|||套餐变更|||铃声一直设置不上|||4
基础业务办理|||套餐变更|||每到月初自动订购流量包，而且无法取消订购|||4
基础业务办理|||套餐变更|||nmb怎么改|||0
基础业务办理|||套餐变更|||联通怎么回事，打了一天客服都不理人，|||13
基础业务办理|||套餐变更|||怎么变更无限流量的套餐|||3
基础业务办理|||套餐变更|||.|||0
基础业务办理|||套餐变更|||你好我要变更套餐|||0
基础业务办理|||套餐变更|||为什么现在限速了？以前以前都用了八十多G都没限速。你想想看。一个月那么贵。还限速。我用什么？|||31
基础业务办理|||套餐变更|||我没办过着这个，这根本不是我字迹|||0
基础业务办理|||套餐变更|||怎么订购|||3
基础业务办理|||套餐变更|||。|||0
基础业务办理|||套餐变更|||你们电话可以修改套餐，我打人工服务不能修改，网上营业厅也不能修改|||1
基础业务办理|||套餐变更|||套餐变更不了|||4
基础业务办理|||套餐变更|||我没办理过套餐变更啊|||0
基础业务办理|||套餐变更|||套餐都变更不了太差火了|||4
基础业务办理|||套餐变更|||我没有开通和升级任何5G套餐，现在系统帮我自己订了，是怎么回事，我要退掉。|||3
基础业务办理|||套餐变更|||线上办理不了，疫情出不去，我们可怎么办|||0
基础业务办理|||套餐变更|||麻烦一下，我想把一月40G的套餐取消！|||0
基础业务办理|||套餐变更|||为什么没合约了还显示不是变更|||3
基础业务办理|||套餐变更|||套餐变更就是坑人，变相收费，|||0
基础业务办理|||套餐变更|||尊敬的客服你好，我要取消现用的套餐，恢复套餐前的项目，这个套餐是去年十月份推荐给我的，至今用了四个月我认为不合适，要恢复原来项目，我打人工服务联系不上，联通发短信让我在网上办理，网上我不会操作，这几天要变更不了就又接下月了，我着急，只有向客服求助帮解决一下，多谢?了！|||0
基础业务办理|||套餐变更|||不让换套餐|||4
基础业务办理|||套餐变更|||垃圾玩意业务员私自给办1元包还100G流量封顶手机不可以使用然后还关闭不了流量限制什么东西在不想用联通|||14
基础业务办理|||套餐变更|||为什么退订不了|||34
基础业务办理|||套餐变更|||怎么取消啊不会|||3
基础业务办理|||套餐变更|||我要取消我现在在哪的套餐总是取消失败！！！我想换成每个月话费少一点的！！|||4
基础业务办理|||套餐变更|||你这只能订套餐就不能退套餐的吗？|||34
基础业务办理|||套餐变更|||我搞不懂我怎么变成地王卡了，我没换套餐啊，搞不明白谁给我弄的？|||3
基础业务办理|||套餐变更|||次月套餐取消不了|||4
基础业务办理|||套餐变更|||套餐取消不了|||4
基础业务办理|||套餐变更|||有病，你怎么不去死靠基吧|||0
基础业务办理|||套餐变更|||想改8元套餐，客服一直推脱，说网上改不了，叫我去营业厅改，现在疫情那么严重，怎么去?工信部三令五申，通信企业应该尊重用户自主现在的权利，不得以任何方式限定用户指定业务，那只能投诉了，这面解决不了，只能去工信部投诉了！|||1
基础业务办理|||套餐变更|||突然出现的智慧沃家庭成员套餐，我一直就没开过，取消智慧沃家庭成员套餐。|||0
基础业务办理|||套餐变更|||套餐变更很多次都失败了，得不到解决|||4
基础业务办理|||套餐变更|||取消学习强国套餐|||0
基础业务办理|||套餐变更|||开我的业务，每天上网也扣钱|||0
基础业务办理|||套餐变更|||套餐变更无法进行，每次都有问题|||4
基础业务办理|||套餐变更|||流量没超，扣钱，|||0
基础业务办理|||套餐变更|||打电话找人工，说可以线上办理，结果下载了app，又不能办理。|||4
基础业务办理|||套餐变更|||为什么强制性不能变更套餐|||4
基础业务办理|||套餐变更|||原来申请的是大王卡，后来改成天王卡，说是低套餐可以变高的也能变回来，现在却说不符合条件？有没有这么坑哦，真滴没有信用？|||34
基础业务办理|||套餐变更|||为什么天王卡不能降级到大王卡？|||34
基础业务办理|||套餐变更|||什么垃圾玩意儿？限速成什么鬼样子了？看个网课，卡到爆炸，怎么会有这样的垃圾玩意?|||13
基础业务办理|||套餐变更|||为什么莫名其妙开了这个又不能关闭什么鬼|||34
基础业务办理|||套餐变更|||套餐只能变更还有限不能取消，建议完善一下|||4
基础业务办理|||套餐变更|||办理业务人工根本没人接有点着急希望尽快处理|||1
基础业务办理|||套餐变更|||我要退订我要退订怎么给我定了那么久每个月都要交费我要退订我要退订|||0
基础业务办理|||套餐变更|||这个业务是客服自动办理的客户端也取消不了因为换5g套餐要取消还要去营业厅才能办理现在特殊时间希望能解决一下这种问题|||1
基础业务办理|||套餐变更|||人工一直打不通！！并且随意关闭我的上网功能！！|||1
基础业务办理|||套餐变更|||4G全国套餐16元套餐怎么退不了？！|||34
基础业务办理|||套餐变更|||你们同事打电话说一堆都提到改套餐加多少钱，取消又取消不了，现在是怎么回事?|||134
基础业务办理|||套餐变更|||到现在还不能在网上变更套餐，太麻烦了，太落后了|||4
基础业务办理|||套餐变更|||变更套餐不有说换套餐加多少钱，要取消也取消不了，什么鬼?|||34
基础业务办理|||套餐变更|||到现在还不能在网上变更套餐，太麻烦了，太落后了|||4
基础业务办理|||套餐变更|||无法降低消费套餐|||4
基础业务办理|||套餐变更|||我要退了这什么会员，乱扣钱，|||0
基础业务办理|||套餐变更|||套餐选择过少，不能自定义选择套餐|||4
基础业务办理|||套餐变更|||已经已经上诉了，怎么还没取消|||0
基础业务办理|||套餐变更|||取消订购附加产品麻烦，现在我要取消|||0
基础业务办理|||套餐变更|||非常不好用滑动屏幕信息太多不想干无用信息|||2
基础业务办理|||套餐变更|||套餐变更不能办|||4
基础业务办理|||套餐变更|||为什么改套餐改不了啊？现在不是都推广手机营业厅吗，合约这个月到期下个月就58了，现在特殊时期让我去营业厅？？是不是有点毛病呢，回电话请打13795119935。|||34
基础业务办理|||套餐变更|||怎么关闭业务|||4
基础业务办理|||套餐变更|||我在深圳回不去，怎么改不了套餐？？？|||3
基础业务办理|||套餐变更|||我需要退了这个流量包，不需要了|||0
基础业务办理|||套餐变更|||你好，帮我取消下个月的订单5G套餐，要回119元的套餐|||0
基础业务办理|||套餐变更|||取消套餐|||0
基础业务办理|||套餐变更|||取消套餐|||0
基础业务办理|||套餐变更|||这个流量套餐用了十多G，就限速了，我想退订都不能退|||1
基础业务办理|||套餐变更|||取消套餐|||0
基础业务办理|||套餐变更|||我要取消套餐|||0
基础业务办理|||套餐变更|||我要退订地王卡，为什么不能退|||4
基础业务办理|||套餐变更|||取消腾讯增值业务|||0
基础业务办理|||套餐变更|||购买流量包无法使用|||4
基础业务办理|||套餐变更|||怎么办理更改套餐业务|||3
基础业务办理|||套餐变更|||投诉套餐变更不能再网上办理|||4
基础业务办理|||套餐变更|||我想取消下个月生效的天王卡套餐，却一直是这样子，麻烦取消下个月生效的天王卡套餐，谢谢|||0
基础业务办理|||套餐变更|||取消冰欺凌圣代包|||0
基础业务办理|||套餐变更|||疫情防控时期，不支持线上套餐变更。垃圾|||4
基础业务办理|||套餐变更|||什么时候升级的？|||0
基础业务办理|||套餐变更|||为什么没有学生套餐啊！|||3
基础业务办理|||套餐变更|||草它妈的坑货，被客服骗了，客服打电话说一起只要50块，今天一看记录19块的基本收费都算进去了|||2
基础业务办理|||套餐变更|||流量套餐没有月包|||0
基础业务办理|||套餐变更|||加的月租流量30元套餐未经过我允许，想要退订，并且几个月前退过一次无效，且昨日缴费50还是显示欠费，还直接把我的账户给停了，请尽快处理|||0
基础业务办理|||套餐变更|||我想消服|||0
基础业务办理|||套餐变更|||套餐太坑了！一个月4o元话费！|||0
基础业务办理|||套餐变更|||怎么改不了套餐|||34
基础业务办理|||套餐变更|||为什么我的话费用的很快，而且和亲情卡互打要收费|||3
基础业务办理|||套餐变更|||昨天你们客服打电话给我说在现有55套餐基础上加2元升级流量包结果扣了我50元不知道什么套路联通也骗人吗|||1
基础业务办理|||套餐变更|||一个月话费200多|||0
基础业务办理|||套餐变更|||傻逼联通，|||0
基础业务办理|||套餐变更|||不能网上改|||4
基础业务办理|||套餐变更|||为什么换成小冰神卡之后就不能换便宜的套餐了，只能换更贵的，赚我套餐钱也赚够了吧|||4
基础业务办理|||套餐变更|||4G的套餐都下架了吗|||3
基础业务办理|||套餐变更|||我明明没有订购此套餐，自己为我订购此套餐|||0
基础业务办理|||套餐变更|||改套餐改不了|||4
基础业务办理|||套餐变更|||大王卡互转取消，取消失败，什么情况|||4
基础业务办理|||套餐变更|||我已经取消了好几次了还在？我会员都没了还扣钱？|||34
基础业务办理|||套餐变更|||无法进入|||4
基础业务办理|||套餐变更|||我的套餐为什么不可以变更？是营销厅的什么捆绑操作？我要投诉！|||34
基础业务办理|||套餐变更|||20元7G流量太假，干万不要购买看几集电视剧流量就没了，联通客服不行，联通不行。联通太坑了！！！！！！！|||1
基础业务办理|||套餐变更|||套餐一百一一个月流量速度慢的跟乌龟一样垃圾我要把号码转给移动垃圾|||1
基础业务办理|||套餐变更|||订购以后没有用，退钱可以吗？|||0
基础业务办理|||套餐变更|||为什么不可以在商城改套餐？还没以前好用！|||3
基础业务办理|||套餐变更|||不让网上退这个流量包，强制办理，推销的时候给我说流量包免费送两g流量，还给我说不扣话费，现在扣话费，这不摆明坑我钱吗？|||4
基础业务办理|||套餐变更|||取消不得套餐变更|||4
基础业务办理|||套餐变更|||不能更改套餐|||4
基础业务办理|||套餐变更|||地王卡套餐都比这个便宜，扣费太频繁，后台全关了，都不够用流量，太恐怖了，这卡。|||0
基础业务办理|||套餐变更|||可以更换套餐嘛？现在套餐好贵，不管用不用都要扣钱，我好难|||3
基础业务办理|||套餐变更|||买流量，不是定制套餐|||0
基础业务办理|||套餐变更|||珠拉网卡流量不够，欠的太多了，我想改套餐可是改不了，我希望你们的帮助，|||4
基础业务办理|||套餐变更|||妈的垃圾联通私自给我变更为5g，现在改也改不回来了，故意让别人跳坑辣鸡不解释|||0
基础业务办理|||套餐变更|||我没有购买的套餐自动购买|||4
基础业务办理|||套餐变更|||没有最低消费套餐吗？|||3
基础业务办理|||套餐变更|||快点|||0
基础业务办理|||套餐变更|||我随便一点就自动给我办理天王卡套餐了，什么鬼，还取消不了|||4
基础业务办理|||套餐变更|||原本18元套餐，后来营业厅办理了20元10G套餐，本号码主人并不知情，故此投诉该营业厅，截图附后，希望妥善处理，谢谢|||0
基础业务办理|||套餐变更|||本号从套餐开始，都未使用，现申请取消本套餐。|||0
基础业务办理|||套餐变更|||又卡又贵，垃圾|||0
基础业务办理|||套餐变更|||如何取消套餐?|||3
基础业务办理|||套餐变更|||50元6GB的套餐怎么不能取消？？？我要换套餐，可是前面的取消不了，|||34
基础业务办理|||套餐变更|||50元6GB的套餐怎么不能取消？？？|||34
基础业务办理|||套餐变更|||普通套餐变更根本没有，要去营业厅办理，特别麻烦|||4
基础业务办理|||套餐变更|||怎么回事|||0
基础业务办理|||套餐变更|||不能退订套餐，也不能更改|||4
基础业务办理|||套餐变更|||套餐无故扣费|||4
基础业务办理|||套餐变更|||怎么取消不了|||34
基础业务办理|||套餐变更|||想找个详单找不到每个月的消费迷迷糊糊的还不经用户同意增加语音套餐|||4
基础业务办理|||套餐变更|||没有人工客服一点都不方便|||1
基础业务办理|||套餐变更|||办卡前，办卡工作人员告诉我，初始套餐是28，但是到学校后可以到营业厅改成18的套餐。到学校之后却告诉我不能改。赤裸裸的欺骗|||4
基础业务办理|||套餐变更|||套餐单一，还不能变更为之前的4G套餐了。联通4G信号最差，4G都没完全覆盖，还5G。呸呸呸。|||4
基础业务办理|||套餐变更|||客服没啥用|||1
基础业务办理|||套餐变更|||给老客户下套以冲话费送手机忽悠、诈骗、办理之后所用套餐得用两年这样的信息轻描淡写一笔带过、不让客户知道、想改套餐就得交违约金、一个月下来话费34百块钱？没想过给客户提供更优质服务、整天想着怎么骗钱、辣鸡！！！|||1
基础业务办理|||套餐变更|||在国外怎么更改套餐|||4
基础业务办理|||套餐变更|||都没有多余套餐给选择更换，一直推贵的套餐，你他妈在抢钱吗|||0
基础业务办理|||套餐变更|||我早上只是资询套餐，没想到下午自动升级套餐，谁给你的权力，难道还自动升级|||1
基础业务办理|||套餐变更|||我没办理！我套餐为什么下月被变更了？|||3
基础业务办理|||套餐变更|||这个附加产品为何退订不了？|||34
基础业务办理|||套餐变更|||疫情无法出门，想换大流量套餐也无法办理，想办4G冰激凌套餐|||4
基础业务办理|||套餐变更|||怎么变更不了|||4
基础业务办理|||套餐变更|||太贵了|||0
基础业务办理|||套餐变更|||不能换想换的套餐|||4
基础业务办理|||套餐变更|||我要把流量降到最低19你他妈的你可以理吗？真的是你们中国联通最坑了，操你妈的。|||0
基础业务办理|||套餐变更|||怎么取消？联通骗子|||34
基础业务办理|||套餐变更|||客服关于如何退订套餐不给个很好的答案，那为啥要有客服|||1
基础业务办理|||套餐变更|||宽带需要关闭，没有人管|||1
基础业务办理|||套餐变更|||让改套餐的时候，打电话很积极，我想要改回来，费劲就是改不回来|||14
基础业务办理|||套餐变更|||要回以前的套餐|||0
基础业务办理|||套餐变更|||套餐资费便宜点吗？|||0
基础业务办理|||套餐变更|||套餐变更不了只能允许升级5G4G套餐不能降级有点太过分了联通|||4
基础业务办理|||套餐变更|||以前一个月有30元够了，现在一个月70多，业务员一个劲打电话敢套餐，不想用联通卡了|||14
基础业务办理|||套餐变更|||套餐需取消，疫情期间无法去营业厅，怎么办|||3
基础业务办理|||套餐变更|||不找事更改业务|||0
基础业务办理|||套餐变更|||没有经过用户同意你们工作人员为什么随意将大王卡升级为地王卡而且给用户拨打多个电话骚扰请恢复为原来的普通大王卡谢谢|||1
基础业务办理|||套餐变更|||你们工作人员给用户打完电话自动把大王卡升级为地王卡经过用户同意了吗？这样随意扣费是你们联通对老客户的态度？|||1
基础业务办理|||套餐变更|||想更改一下最低套餐，为什么还要到线下营业厅，为什么不能网上办理|||34
基础业务办理|||套餐变更|||改不了套餐|||4
基础业务办理|||套餐变更|||我多次点击更改套餐每次都是系统服务忙，这样让我怎么改啊？|||23
基础业务办理|||套餐变更|||可以取消这个底消么|||3
基础业务办理|||套餐变更|||之前有个人给我打电话说开通什么王卡会员我说不用了他粘着我说了很久我也不知道他听没听进去希望不要给我们自行开通我们没确认的业务谢谢|||1
基础业务办理|||套餐变更|||原套餐是20元4g(每月)，现在改为每月19元40g,可以吗？|||3
基础业务办理|||套餐变更|||我可以退掉流量包套餐改为另一种套餐吗？|||3
基础业务办理|||套餐变更|||变更业务只有两个选项强制选项？还都不能满意的选项就没有中间选项？|||23
基础业务办理|||套餐变更|||我订的明明是冰激凌加速包，怎么会是这个套餐|||0
基础业务办理|||套餐变更|||为什么会自动改变套餐|||3
基础业务办理|||套餐变更|||我想要办理4G的16元基本套餐，现在为什么手机营业厅无法操作？！|||234
基础业务办理|||套餐变更|||说可以领会员，结果根本没法领|||4
基础业务办理|||套餐变更|||我那天睡的迷糊，大早晨的客服给我打电话说要给我加200分钟语音，后来说啥没听清楚，我就收到了短信不足108元按108元收取，我的天我还取不掉，给你们客服打电话，动不动就忙，就不接，我拜托你们把我那个不足108元按108元收费取消了，行行好|||1
基础业务办理|||套餐变更|||就没有适合学生用的流量多点的实惠套餐吗客服给我换的冰淇淋套餐真是一言难尽限速限的想杀人钱不少给没一点卵用|||1
基础业务办理|||套餐变更|||人工服务没人上班，订购相同的套餐没法取消，希望以后多完善|||1
基础业务办理|||套餐变更|||我想退订这个业务，重新申请|||0
基础业务办理|||套餐变更|||为什么取消不了|||34
基础业务办理|||套餐变更|||我要跟换套餐|||0
基础业务办理|||套餐变更|||尊敬的联通营业厅，我想要取消5G套餐，但是屡次失败|||4
基础业务办理|||套餐变更|||无法更换套餐|||4
基础业务办理|||套餐变更|||客服叫我来营业厅换套餐，结果营业厅也换不了，之前客服明明可以的|||14
基础业务办理|||套餐变更|||点错了，能不能取消啊，强制消费了|||4
基础业务办理|||套餐变更|||为什么买不了？一直都是一会再试？|||23
基础业务办理|||套餐变更|||一直买不了，请调查一下|||4
基础业务办理|||套餐变更|||问题故障太多了|||4
基础业务办理|||套餐变更|||完全就是坑人|||0
基础业务办理|||套餐变更|||怎么不能取消叠加套餐|||0
基础业务办理|||套餐变更|||圣诞套餐不知道怎么取消，打电话客服也不接|||134
基础业务办理|||套餐变更|||这个套餐不合适我，感觉是套路，深深的套路。客服电话推荐我，趁我没睡醒给我推荐的，现在换的这个套餐，比原来的贵了，反而害得我视频也不敢刷！没有免流！！！！！！！！！还和我签了什么狗屁合约，真的烦人。合约时间到了如果还是觉得这个套餐给我带来了麻烦，马上就换移动！|||0
基础业务办理|||套餐变更|||怎么取消5元1GB流量包|||3
基础业务办理|||套餐变更|||什么腾讯大王卡，什么月租费19元，月租费37.8了唉，原来联通卡真的不要脸|||0
基础业务办理|||套餐变更|||乱扣费的吗|||0
基础业务办理|||套餐变更|||套餐我要变更|||0
基础业务办理|||套餐变更|||这样强迫好蛮|||0
基础业务办理|||套餐变更|||为什么一直都说出了一点小问题|||0
基础业务办理|||套餐变更|||你们怎么不经过客户同意就擅自修改客户套餐？？是逼我换其他公司电话号码是吧？？？？|||1
基础业务办理|||套餐变更|||在没有本人的同意下，联通电子客服主动办理了一个合约版超级会员服务，今天打客服电话申请取超级会员套餐，但是客服不予受理，我没有同意的情况下就办理了此业务|||1
基础业务办理|||套餐变更|||主副卡为啥不能在线取消么|||34
基础业务办理|||套餐变更|||没有经过我同意就把我套餐改了，合法吗？|||3
基础业务办理|||套餐变更|||我不要这个套餐了啊！我要回十九块钱那个套餐|||0
基础业务办理|||套餐变更|||我一个月话费要108块钱啊！|||0
基础业务办理|||套餐变更|||你们解决不了我就投诉|||0
基础业务办理|||套餐变更|||都不知道什么时候给变成了129的套餐，不通过本人就给变了，什么服务啊|||1
基础业务办理|||套餐变更|||本号套餐为何自从2月底之后收不到4g网络|||4
基础业务办理|||套餐变更|||变更为八元每月的套餐，外边封不让出，希望通过线上帮我办理|||14
基础业务办理|||套餐变更|||不能退购为什么？？|||34
基础业务办理|||套餐变更|||为什么改不了大王卡了|||34
基础业务办理|||套餐变更|||19元套餐是不是有新的优惠活动了|||0
基础业务办理|||套餐变更|||还能不能用了，每次都这样，拜托你们能不能用点心。|||0
基础业务办理|||套餐变更|||你们的服务中心太不守信用了，天天说明天，星期一，你们的领导们就这样管理企业的吗？我的投诉几次了小小的问题都几天解决不了，这样的企业这样下去不行的。|||2
基础业务办理|||套餐变更|||取消日租宝|||0
基础业务办理|||套餐变更|||不知道怎么取消，升级5G套餐后也取消不了|||4
基础业务办理|||套餐变更|||变更不了|||4
基础业务办理|||套餐变更|||大王卡的流量怎么会用完呢。什么意思|||3
基础业务办理|||套餐变更|||我想要退订我不需要的业务为什么不可以呢|||3
基础业务办理|||套餐变更|||我这个套餐本来是9元月租小圣卡，后来改成天圣卡，然后他就出现这个次月生效，说要回到小圣卡，到现在好几个月了也还是没回去，就这样好几个月，我取消就办理失败赶紧解决一下。我这个好多功能现在都办理不了尽快解决|||4
基础业务办理|||套餐变更|||怎么把我套餐改了|||3
基础业务办理|||套餐变更|||升级套餐点错了，想要取消可是为什么我试了好几次取消它总是是失败的|||4
基础业务办理|||套餐变更|||我不小心将大王卡套餐改成了地王卡套餐，想要取消地王卡套餐，取消不了|||4
基础业务办理|||套餐变更|||失效了什么鬼？|||3
基础业务办理|||套餐变更|||能取消这个订单吗？|||3
基础业务办理|||套餐变更|||国内流量太少了，不到几天就用完，只适合在校内用。|||0
基础业务办理|||套餐变更|||取消|||0
基础业务办理|||套餐变更|||为什么退订不了套餐，客服也不处理|||134
基础业务办理|||套餐变更|||啥玩意开不开。。。。。坑人。。。|||4
基础业务办理|||套餐变更|||网上业务办理不了，有待改进。疫情期间不应该出现这样问题。|||4
基础业务办理|||套餐变更|||为啥上传不了|||4
基础业务办理|||套餐变更|||退订就点不动，真是恶心|||4
基础业务办理|||套餐变更|||王卡真的是垃圾东西办理的亲情卡看腾讯视频时而免流量时而不免打电话问客服也说不清楚解决不了问题一个月话费贵的要死真是垃圾|||1
基础业务办理|||套餐变更|||套餐不能改蚂蚁大宝卡|||4
基础业务办理|||套餐变更|||哥哥＋号在哪了你说的游戏大厅里的加号了我找了半天|||2
基础业务办理|||套餐变更|||描述的不一样|||1
基础业务办理|||套餐变更|||为什么弄不明白你们联通缴费套餐，乱扣费多扣费，请你们好好给我查查查，欠费欠在哪了，让我信服，|||3
基础业务办理|||套餐变更|||看看我没有电话进来你们随意加套餐|||0
基础业务办理|||套餐变更|||这是怎么回事？|||0
基础业务办理|||套餐变更|||我要取消|||0
基础业务办理|||套餐变更|||我还没有使用呢？直接扣五十还欠费？这是什么情况？|||3
基础业务办理|||套餐变更|||流量一天用不完|||1
基础业务办理|||套餐变更|||我不需要套餐！还撤不了什么情况？|||3
基础业务办理|||套餐变更|||线上没有办法更换套餐，就请不要显示出来行不|||24
基础业务办理|||套餐变更|||我很疑惑，我这张卡原本的套餐是学校的校园套餐，好像是36元28个g这样，为啥我啥通知也没收到，我的套餐就被更改了呢。|||3
基础业务办理|||套餐变更|||能不能不自动续费|||3
基础业务办理|||套餐变更|||麻烦退掉这个套餐，不想要了|||0
基础业务办理|||套餐变更|||套餐变更不合理我需要变更60的套餐|||0
基础业务办理|||套餐变更|||我根本没有什么副卡为什么没法变更套餐？！，还有我携号转网莫名其妙的业务都出来了！我明明没有副卡莫名其妙多了个副卡？请问卡在哪里？给个解释？！不然我就消协投诉！|||3
基础业务办理|||套餐变更|||套餐跟换老是出现问题，打不开|||4
基础业务办理|||套餐变更|||流量包退不了|||4
基础业务办理|||套餐变更|||为何无法变更呢？|||34
基础业务办理|||套餐变更|||为什么不能变更，打电话好多次也不行，那边一直不知道是什么声音|||34
基础业务办理|||套餐变更|||能订但不能退订|||4
基础业务办理|||套餐变更|||可以有地方看到联通号能够更换哪些套餐不，不要就是推荐一堆坑套餐等你变更，光看到实惠办新卡，没用功能一大堆|||2
基础业务办理|||套餐变更|||我要变更套餐|||0
基础业务办理|||套餐变更|||。。。。。。。。|||0
基础业务办理|||套餐变更|||之前客服打电话说升级王卡由19元升级到59元的全国200分钟全国流量随便玩这都两个月过去了还没升级什么情况我得流量还是40个G|||3
基础业务办理|||套餐变更|||取消76元的流量套餐包|||0
基础业务办理|||套餐变更|||自动开通一个套餐。|||0
基础业务办理|||套餐变更|||我的套餐是一个月十九的，啥时候就又变城58的了|||3
基础业务办理|||套餐变更|||哪里选择？？？|||3
基础业务办理|||套餐变更|||用户操作指引太不明显|||2
基础业务办理|||套餐变更|||什么意思啊这都几天了一直这样子打电话人工不接叫下这个屁用没有在搞什么啊|||1
基础业务办理|||套餐变更|||主要想变更套餐就一定连接不了，你们真他妈是六。|||4
基础业务办理|||套餐变更|||有没有其他套餐！|||0
基础业务办理|||套餐变更|||垃圾网要变个套餐都变不了。|||4
基础业务办理|||套餐变更|||大王卡超级会员怎么退订|||34
基础业务办理|||套餐变更|||我想退订5G套餐可是退不了|||4
基础业务办理|||套餐变更|||套餐变更后网络一直是3G网络，垃圾的要死，不管到哪里都是3G，重启，重插卡，飞行模式，都不管用。垃圾要死|||4
基础业务办理|||套餐变更|||急需变更套餐|||0
基础业务办理|||套餐变更|||订购错了取消不了，垃圾|||4
基础业务办理|||套餐变更|||无法线上变更套餐|||4
基础业务办理|||套餐变更|||我本人长期在外地工作，需要宽带解绑，当时后台工作人员告诉我可以家属代办，带着我本人身份证和家属身份证，可是到了营业厅工作人员告诉我办不了，我想问工作人员说话怎么会这么不负责任？我人长期在外地，79元的套餐根本没用，希望得到解决|||1
基础业务办理|||套餐变更|||您好！我想取消10元流量包套餐，可是发了多次信息，始终无法取消。请帮我取消10元套餐，谢谢！|||4
基础业务办理|||套餐变更|||变更个套餐全是错误能不能行了我看联通是不是快倒闭了|||4
基础业务办理|||套餐变更|||你们联通是真坑，一个APP软件上全是订购套餐了，想退订个业务还不行，太坑了，我不会让我的朋友再办理你们任何联通的业务，太让人恶心了|||4
基础业务办理|||套餐变更|||就这几种套餐么那么多套餐就显是这几种|||0
基础业务办理|||套餐变更|||天王卡就是多交钱一点好处没有，再变回大王卡|||0
基础业务办理|||套餐变更|||我的套餐是大王卡＋亲情卡，只能查询到主卡的套餐、话费、流量，亲情卡查不到，希望改进一下，可以把亲情卡的消费查清楚|||2
基础业务办理|||套餐变更|||不是说好一年之后可以变更套餐？现在是要三年？开什么玩笑！预存这么多话费进去，就是这么坑人的？|||3
基础业务办理|||套餐变更|||退订不了|||4
基础业务办理|||套餐变更|||套餐扣费不实|||4
基础业务办理|||套餐变更|||没法退订现在花的钱翻倍了|||4
基础业务办理|||套餐变更|||套餐种类太少！！！而且都是100元以上的套餐|||0
基础业务办理|||套餐变更|||一|||0
基础业务办理|||套餐变更|||办理不成套餐|||4
基础业务办理|||套餐变更|||我就想知道这个套餐有什么意义该还不让改还要什么违约金？来多少我付我只要求把我这个改回原来的天王卡套餐就行|||34
基础业务办理|||套餐变更|||什么意思啊我就想想问一下你们客服打电话让我改套餐说一个月100G40G之后限速现在24G之后就限速你们是个什么意思我想知道玩弄消费者吗？改套餐还不让改是个什么意思我想知道什么冰淇淋套餐还没我原来天王卡划算是玩弄消费者吗？几乎一样的月租这个冰淇淋动不动就限速在搞我心态吗？我还要花钱购买加速包想钱想疯了你们？要是这样我宁愿开通不封顶服务一个g一块钱我想知道15元买3G黑心？|||13
基础业务办理|||套餐变更|||这还咋退订流量包啊？|||34
基础业务办理|||套餐变更|||不小心点到的套餐取消不了，退订不了。|||4
基础业务办理|||套餐变更|||没有查询联通现有套餐的|||2
基础业务办理|||套餐变更|||我要接触流量封项服务！希望尽快的给我办理好！|||0
基础业务办理|||套餐变更|||这跟上个月你们联通说更改套餐收费根本不一样，我套餐是129元加10元副卡月租，上网流量30GB的5G流量，超出的按3G或4G无限流量不收费的，但现在我手机一是用不了5G网络，二是超出按你们流量标准收费，根本和你们说的升级5G内容完全不相符，而且是说好了不满意可以更改回原有套餐的，如果这样的话，我希望你们帮我更改为原有的4G冰激凌99元，副卡10元无限量套餐，谢谢|||0
基础业务办理|||套餐变更|||套餐变更一直打不开|||4
基础业务办理|||套餐变更|||我要换套餐，怎么操作|||2
基础业务办理|||套餐变更|||月租加多|||0
基础业务办理|||套餐变更|||莫名其妙接到联通的电话让我改套餐，不改就会一直打电话，还说什么改了套餐和我平时的花费一样，后来我改了，才发现白花了很多钱，同样的套餐，加了40元！什么都没变！！反而天天欠费！我已经开了流量包，还是在扣费！自己看吧，月服务套餐扣款根本就不是那样，我手机经常莫名其妙扣钱！要不是这个号码用了三年，通讯录好友不太方便更改，我早就换号码了！联通太坑人了，流量包可以在APP上自助购买，却不能自助办理退订！无语|||1
基础业务办理|||套餐变更|||一个月19块，扣的比光速还快，还不能变更套餐，|||4
基础业务办理|||套餐变更|||流量包无法退订|||4
基础业务办理|||套餐变更|||为啥流量包在手机营业厅上可以开通，不能关闭！！|||4
基础业务办理|||套餐变更|||？？不让退订吗什么垃圾东西用着4g网扣着5g的费用|||34
基础业务办理|||套餐变更|||网特卡|||1
基础业务办理|||套餐变更|||本人从末开通?┖纬?什么港澳台漫游之类的套餐请取消|||0
基础业务办理|||套餐变更|||一点都不好TMD|||0
基础业务办理|||套餐变更|||无法退订5G升级包|||4
基础业务办理|||套餐变更|||我补个卡，哪里都查不到进度，什么鬼|||2
基础业务办理|||套餐变更|||我己升级5G套餐，可我不是5G的手机。无发享有5G快速流量。我要退订！|||4
基础业务办理|||套餐变更|||联通套餐太少了，流量也少，能不能改改，增强自己的竞争力|||0
基础业务办理|||套餐变更|||一到套餐变更服务就掉线，联通真假|||2
基础业务办理|||套餐变更|||乱给我推荐套餐又撤销不了|||4
基础业务办理|||套餐变更|||垃圾东西，业务都不能办理，没个月多花很多冤枉钱|||4
基础业务办理|||套餐变更|||APP垃圾，什么用不了|||2
基础业务办理|||套餐变更|||办理业务稀里糊涂就给你办个业务，想取消连个入口都没有，什么垃圾app|||2
基础业务办理|||套餐变更|||每天扣一块钱800M，今天怎么扣了两块？|||3
基础业务办理|||套餐变更|||什么都干不换个套餐用手机都换不了要这个干嘛|||4
基础业务办理|||套餐变更|||妈个逼的，开通容易，取消业务费妈个逼事了|||1
基础业务办理|||套餐变更|||我并没有开通PLUS畅享流量，为什么自己就开通乱扣费了？|||3
基础业务办理|||套餐变更|||2114030606|||0
基础业务办理|||套餐变更|||要降低套餐价格，或者改成低价位套餐，你们却设置为不能操作，把老用户当猴子耍呀！如果不能我只有携号转网了！|||4
基础业务办理|||套餐变更|||动不动就欠费！一个月38的套餐要交七八十元的话费！！！|||0
基础业务办理|||套餐变更|||叠加套餐包无法取消|||4
基础业务办理|||套餐变更|||每个月达到90元以上包的套餐是39一个月的太坑了|||0
基础业务办理|||套餐变更|||什么意思什么合约超级会员喔什么时候订的？？怎么取消这个合约超级会员有什么用|||34
基础业务办理|||套餐变更|||不给我升级5G|||4
基础业务办理|||套餐变更|||在我不知情的情况下变更业务，给我造成了经济损失|||1
基础业务办理|||套餐变更|||看不懂|||0
基础业务办理|||套餐变更|||为什么有合约？|||3
基础业务办理|||套餐变更|||我没有办理业务为什么主动开通|||3
基础业务办理|||套餐变更|||乍变成了2029年有效期了|||3
基础业务办理|||套餐变更|||就是一吃费卡太次了流量根本不够用太贵|||0
基础业务办理|||套餐变更|||套餐变更无法办理|||4
基础业务办理|||套餐变更|||套餐变更无法办理|||4
基础业务办理|||套餐变更|||坑，上次帮我升级套餐的时候，说给我一年腾讯视频会员的，现在啥都没有|||1
基础业务办理|||套餐变更|||为什么退不了？？？|||3
基础业务办理|||套餐变更|||为什么取消不了流量包？客服服务不到位！请尽快查明谢谢您！|||134
基础业务办理|||套餐变更|||老米粉升级窗口呢？？？|||2
基础业务办理|||套餐变更|||营业厅疫情原因没开门，一直不让我变更套餐|||0
基础业务办理|||套餐变更|||都是些什么，能不能不要买什么狗屁手机，想弄流量套餐都费劲|||0
基础业务办理|||套餐变更|||尽快解决|||0
基础业务办理|||套餐变更|||怎么退订|||3
基础业务办理|||套餐变更|||真的不够用不配39块钱|||0
基础业务办理|||套餐变更|||无法取消5G升级包|||4
基础业务办理|||套餐变更|||想更改套餐拨打联通电话没有人工，通过业务办理也没有变更套餐的地方，请求帮助|||1
基础业务办理|||套餐变更|||4G套餐都没法选了|||24
基础业务办理|||套餐变更|||我想退掉那个超级会员，手机营业厅要什么操作|||0
基础业务办理|||套餐变更|||开了一个流量套餐。但是只用日租宝。那个流量套餐不能使用。希望尽早处理一下。。谢谢！|||4
基础业务办理|||套餐变更|||无法更改套餐|||4
基础业务办理|||套餐变更|||冰激凌套餐99一个月用了20G就限速了|||1
基础业务办理|||套餐变更|||太差了，除了查话费，交话费，其它很多业务办不了！|||1
基础业务办理|||套餐变更|||算了说了那么多没用！打算注销|||0
基础业务办理|||套餐变更|||为什么我那个50元40G流量退不了，当时说的可以退的|||34
基础业务办理|||套餐变更|||我想说联通公司就没有更符合实际的套餐吗？原先的冰激凌套餐那么实惠为什么去掉以及其他的优惠套餐？现在冰激凌套餐最低最低就要一个月99元与其他套餐一样，你当我们是土豪是吧？这么会赚钱，为了和移动电信争高低不想想我们这些平民的生活符不符合当下局势？？你们不就想要有更多的客户使用联通卡让联通更受欢迎吗？可实力行动呢？|||3
基础业务办理|||套餐变更|||订错了|||0
基础业务办理|||套餐变更|||伤话费|||0
基础业务办理|||套餐变更|||怎么还是变更不了|||34
基础业务办理|||套餐变更|||天天一样出错|||0
基础业务办理|||套餐变更|||电话推销套餐不合理，并没有签字授权，侵犯个人的权益，私自后台操作，可耻行为|||1
基础业务办理|||套餐变更|||我原本是一月底到营业厅办理阿里小宝卡的，可是武汉疫情严重导致所有店铺都关门，所有人都不能出门，因此想问一下是不是否可以在网上办理？|||3
基础业务办理|||套餐变更|||流量退订不了。真服了|||4
基础业务办理|||套餐变更|||为什么地王卡更改不了大王卡|||4
基础业务办理|||套餐变更|||你这联通是真的搞笑诶，上午刚投诉完的计费问题，中午又给我来一个套餐变更是什么意思？我根本就没有申请变更套餐呢，我要求立刻撤销套餐变更，维持原套餐，还你你已成功申请阿里宝卡，我申请都没申请，你这存心想坑我吧？直接先斩后奏是吧？什么服务态度？立刻给我撤销套餐变更，再这样的态度，我就直接换号了!|||3
基础业务办理|||套餐变更|||你这联通是真的搞笑诶，上午刚投诉完的计费问题，中午又给我来一个套餐变更是什么意思？我根本就没有申请变更套餐呢，我要求立刻撤销套餐变更，维持原套餐，还你你已成功申请阿里宝卡，我申请都没申请，你这存心想坑我吧？直接先斩后奏是吧？什么服务态度？立刻给我撤销套餐变更，再这样的态度，我就直接换号了!|||3
基础业务办理|||套餐变更|||不能换低套餐，坑|||4
基础业务办理|||套餐变更|||我想要退订5G套餐，但是退订失败|||4
基础业务办理|||套餐变更|||无法更换套餐|||4
基础业务办理|||套餐变更|||套餐取消不了|||4
基础业务办理|||套餐变更|||怎么网上变更不了套餐了！很不方便了！原来不是可以的吗？|||34
基础业务办理|||套餐变更|||都是什么东西啊，想改个套餐我跑了67趟营业厅，手机也办不了用了快十年的联通，今天让我太失望了|||1
基础业务办理|||套餐变更|||为什么去营业厅更改套餐，去了三个营业厅，都说只能往上调，不能向下降低？还说没有权限？我觉得这个不合理。我们用户连自由选择套餐的权利都没有吗？|||3
基础业务办理|||套餐变更|||这个流量都是退了再订的ok，手机短信都显示退了垃圾软件不让再买一直不显示退了|||4
基础业务办理|||套餐变更|||怎么在网上解绑副卡，并更改套餐|||3
基础业务办理|||套餐变更|||变更套餐|||0
基础业务办理|||套餐变更|||人工服务电话一直无人接听，有事无法办理|||1
基础业务办理|||套餐变更|||不能变更套餐|||4
基础业务办理|||套餐变更|||为什么套餐改不了|||34
基础业务办理|||套餐变更|||为什么不能升级套餐|||34
基础业务办理|||套餐变更|||套餐变更没有推荐|||4
基础业务办理|||套餐变更|||这要怎么改啊？|||3
基础业务办理|||套餐变更|||客服电话根本打不通垃圾联通|||1
基础业务办理|||套餐变更|||什么问题|||3
基础业务办理|||套餐变更|||补换了张卡连白金会员的特权都没了，真的是无语|||4
基础业务办理|||套餐变更|||太垃圾，这也搞不了，那个也办不成，你们这就是个吸血鬼，能换公司我肯定马上去换了|||4
基础业务办理|||套餐变更|||上月联通营销中心人员打电话说问我需要办理56元每月的套餐（原先是36元，增加20元每月），承诺若不合适，下月打电话帮我退订。现在打电话说不好退，要到当地营业厅办理，现在肺炎严重，若可去湖北，我没必要打电话。现在我的诉求是：改回我原先36元每月的原套餐。|||0
基础业务办理|||套餐变更|||怎么退订浙江业务业务|||3
基础业务办理|||套餐变更|||现在都出不去咋让我去营业厅办理？人工客服不行吗？我就变更套餐而已！|||13
基础业务办理|||套餐变更|||中国联通真是垃圾，办事效率低下，客服麻烦，什么事都要用短信办理，感觉客服一点用都没有，短信也办理不了。联通真是垃圾到家了。以后再也不用了|||1
基础业务办理|||套餐变更|||请还回我大王卡，不要地王卡我从来没有申请过地王卡|||0
基础业务办理|||套餐变更|||为什么我手机卡上平白无故多出一张副卡，另外，这张副卡是怎么开通的我居然不知道，身份证一直在我手里|||0
基础业务办理|||套餐变更|||骗人，给我多加了30块钱话费，跟我说开通不掏钱，每个月扣我话费|||0
基础业务办理|||套餐变更|||合约版超级会员为什么不能取消当时电话一直打过来十几个天天推销后面觉得太烦了就随便开了然后每次都还说送一年腾讯视频vip现在什么都没有请问要用什么方式取消|||34
基础业务办理|||套餐变更|||变更为地王套餐|||0
基础业务办理|||套餐变更|||请问这个业务是怎么回事？|||3
基础业务办理|||套餐变更|||我很少打电话，所以月固定费能不能变成19元的|||0
基础业务办理|||套餐变更|||为什么腾讯王卡5G版199元套餐取消不了|||34
基础业务办理|||套餐变更|||套餐变更|||0
基础业务办理|||套餐变更|||为什么要修改密码才能办理|||3
基础业务办理|||套餐变更|||我申请了更换大王卡套餐都一个星期啦业务员说24小时发申请成功信息结果都快10来天了也不管又打人工服务人家说这个不在他们的管辖范围内|||1
基础业务办理|||套餐变更|||我要更换套餐。为什么线上不能办理？|||3
基础业务办理|||套餐变更|||你们处理吧，还有我的4G卡突然没有4G信号也帮我处理下|||1
基础业务办理|||套餐变更|||一退订套餐就失败？|||3
基础业务办理|||套餐变更|||为什么退套餐退不了，打客服也不能，在APP上也不能|||14
基础业务办理|||套餐变更|||这个流量包是网上办理的不能网上取消？呵|||34
基础业务办理|||套餐变更|||增值业务想改却改不了，每次申请退订都是什么出现问题，难道就这样办理的吗？真的让客户失望|||4
基础业务办理|||套餐变更|||怎么退订当前的套餐|||3
基础业务办理|||套餐变更|||我定一个月给我弄成连月续费还不知道怎么取消坑啊|||34
基础业务办理|||套餐变更|||这几个都退订，不是本人开通的义务，都退订，这个副卡成员是谁。完全不认识，还有这个叠加包也不需要，退订退订|||0
基础业务办理|||套餐变更|||无法退订|||4
基础业务办理|||套餐变更|||不知谁给我绑了个主副卡优惠这个义务，麻烦帮我把这个义务退订下，这个副卡号码我不认识|||0
基础业务办理|||套餐变更|||坑坑坑，想更换个套餐，但只能选择价格更高的套餐，各种套路，服了你们！|||0
基础业务办理|||套餐变更|||垃圾网网速那么慢，我要退订|||1
基础业务办理|||套餐变更|||为什么只能向更高消费的套餐变更，而没有向低消费的套餐变更，这是要逼我换号换网吗|||3
基础业务办理|||套餐变更|||想换个套餐都换不了|||4
基础业务办理|||套餐变更|||本号码不需要30元流量包月租，要求恢复原始套餐状态|||0
基础业务办理|||套餐变更|||为什么，现在想换都换不回去了|||34
基础业务办理|||套餐变更|||有一个会员包怎么去掉呀|||3
基础业务办理|||套餐变更|||为什么取消不了的你哥霸王叼|||3
基础业务办理|||套餐变更|||退订不了|||4
基础业务办理|||套餐变更|||我订的这个十元三百MB流量包是当初不小心按错了才订的，不想要了为啥就不让退？钱是我的，花不花钱是我的权利，你们凭什么强制消费？我真是服了，那么大个国民公司搞这一套，真牛逼|||3
基础业务办理|||套餐变更|||手机网上营业厅客户端订购的流量包连退订按钮都没有，真是越来越差劲|||2
基础业务办理|||套餐变更|||套餐都取消不了了想捆绑100年？差评|||34
基础业务办理|||套餐变更|||为什么我办了个升5G的套餐，确显示个3G网络|||1
基础业务办理|||套餐变更|||套餐扣费不明|||0
基础业务办理|||套餐变更|||为什么几块钱月租的全停售了，老卡不想销户，想换个没流量的给老人用都没有。|||0
基础业务办理|||套餐变更|||取消套餐流量，垃圾系统自动给我开通流量套餐都没用过流量|||0
基础业务办理|||套餐变更|||我想退订这个额外套餐流量|||0
基础业务办理|||套餐变更|||退不了套餐|||4
基础业务办理|||套餐变更|||当初在网上办这卡是被骗了的|||0
基础业务办理|||套餐变更|||我不想要一块钱500m的套餐了|||0
基础业务办理|||套餐变更|||垃圾王卡，忽悠我开卡|||0
基础业务办理|||套餐变更|||不能解决遇到的问题|||4
基础业务办理|||套餐变更|||不能更改套餐|||4
基础业务办理|||套餐变更|||出了冰激凌大王卡就没别的了？|||3
基础业务办理|||套餐变更|||这个怎么取消|||4
基础业务办理|||套餐变更|||怎么退订不了|||34
基础业务办理|||套餐变更|||为什么老是变更不了|||34
基础业务办理|||套餐变更|||取消|||0
基础业务办理|||套餐变更|||帮我退了，谢谢。|||0
基础业务办理|||套餐变更|||套餐变更还有套餐查询详情页打开不了|||4
基础业务办理|||套餐变更|||我都不知道这个软件有什么用？什么都做不了|||3
基础业务办理|||套餐变更|||密码找回为什么需要原密码，要是知道还用找回|||3
基础业务办理|||套餐变更|||怎样降低套餐|||3
基础业务办理|||套餐变更|||为什么我每次办理都办理不成功|||4
基础业务办理|||套餐变更|||手机不支持合同不能更改。差评|||4
基础业务办理|||套餐变更|||根本就是无此功能|||0
基础业务办理|||套餐变更|||为什么这个业务无法取消呢？|||34
基础业务办理|||套餐变更|||总是黑屏然后退出页面回到首页|||24
基础业务办理|||套餐变更|||不能取消附加产品！|||4
基础业务办理|||套餐变更|||手机App傻逼吧，不能换套餐那还要来干嘛？|||34
基础业务办理|||套餐变更|||不能取消增值业务|||4
基础业务办理|||套餐变更|||为什么无法退订|||34
基础业务办理|||套餐变更|||退订|||0
基础业务办理|||套餐变更|||我之前通过手机网厅在线变更套餐为阿里大宝卡成功，之后又后悔了感觉应该改成阿里小宝卡。所以我取消了我的变更申请，打算重新操作改为小宝卡，结果就开始报错(如图未知错误)，能看看是什么原因吗？我打电话客服，电话客服说有亲情号的用户线上变更套餐只能通过手机网厅，通话电话营业厅必须先解绑亲情号。所以我还是只能通过手网厅在线办理，请问是因为我修改成功之后又取消了所以有bug吗？|||13
基础业务办理|||套餐变更|||套餐变更没有给变更，一直说让反馈|||4
基础业务办理|||套餐变更|||网速太慢了，也不知道是2G卡还是3G卡。|||1
基础业务办理|||套餐变更|||更改套餐时必选业务部没有选择，请重新选择|||2
基础业务办理|||套餐变更|||关闭套餐|||0
基础业务办理|||套餐变更|||关闭套餐|||0
基础业务办理|||套餐变更|||为什么不推荐联通互联网套餐？？？？？|||3
基础业务办理|||套餐变更|||关闭套餐|||0
基础业务办理|||套餐变更|||关闭套餐|||0
基础业务办理|||套餐变更|||手机营业厅怎么取消不了流量包|||34
基础业务办理|||套餐变更|||流量封顶解封不了|||4
基础业务办理|||套餐变更|||不能在APP进行套餐变更，总是报告遇到问题，稍后再试|||4
基础业务办理|||套餐变更|||这是欺骗消费，当时打电话说的没有费用升级的。特么的给升级后就每个月30。自己还不能取消。|||4
基础业务办理|||套餐变更|||不想要了，换不了|||4
基础业务办理|||套餐变更|||你们好请问我这个13263966622套餐可以更改套餐吗我想更改为（月租5元1月保号卡）只打接听电话|||0
基础业务办理|||套餐变更|||如何取消现有的套餐|||3
基础业务办理|||套餐变更|||怎么在线办理不了啊|||34
基础业务办理|||套餐变更|||29的升级套餐选不了|||4
基础业务办理|||套餐变更|||闲时流量包什么意思？套餐的流量用完之后会直接扣除话费是吗？|||3
基础业务办理|||套餐变更|||为什么不能取消这个流量包套餐|||34
基础业务办理|||套餐变更|||怎么解除封顶解除不了已买新套餐还是用不了流量|||34
基础业务办理|||套餐变更|||一直不能办理这个业务|||4
基础业务办理|||套餐变更|||一个月20辑的流量用不完，我还是高中生每次回家之后就话费扣了也不打电话，一个月也要快50元了|||0
基础业务办理|||套餐变更|||仅开通1个月是否可行|||0
基础业务办理|||套餐变更|||没有套餐推荐，我只想升级我的4g套餐，只推荐了5g套餐，打客服电话也是，沃在广州上面说的套餐，你们客服都不知道呢请问要怎么办理？！？|||13
基础业务办理|||套餐变更|||可以取消不|||3
基础业务办理|||套餐变更|||套餐需要更改|||0
基础业务办理|||套餐变更|||对话无效，浪费时间|||0
基础业务办理|||套餐变更|||无法取消套餐|||4
基础业务办理|||套餐变更|||太不行了根本就不能干很多事例如套餐变换之类的差评|||0
基础业务办理|||套餐变更|||你好，我想换38元流量王套餐，请问应该怎么办理？|||3
基础业务办理|||套餐变更|||变更不了，在线客户进不去?|||34
基础业务办理|||套餐变更|||没法取消叠加包流量|||4
基础业务办理|||套餐变更|||套餐业务只能加不能减|||4
基础业务办理|||套餐变更|||想换个套餐每次都这样打不开|||4
基础业务办理|||套餐变更|||不小心点了两个假期包，反应慢了返回了，又点了一次，就订了两个，这太气人了|||2
基础业务办理|||套餐变更|||套餐太贵了，宽带120，电话76，加起来每个月差不多200，太贵了|||0
基础业务办理|||套餐变更|||变更不了套餐|||4
基础业务办理|||套餐变更|||没有最低套餐|||4
基础业务办理|||套餐变更|||打了很多次说帮我变更然而还是没有帮我变更|||1
基础业务办理|||套餐变更|||变更套餐居然不能停止当前套餐|||4
基础业务办理|||套餐变更|||帮我恢复之前的不超过20元套餐别在被窝乱改|||0
基础业务办理|||套餐变更|||别他们乱办理什么狗屁玩意草帮我恢复之前的一个月二十块钱套餐不然举报|||0
基础业务办理|||套餐变更|||无缘无故多了叠加套餐包真的是服了|||0
基础业务办理|||套餐变更|||变更套餐也不能在网上操作，必须去营业厅？这疫情期间，想变更套餐也太不方便了吧|||3
基础业务办理|||套餐变更|||出现问题打不开|||3
基础业务办理|||套餐变更|||好贵|||0
基础业务办理|||套餐变更|||套餐变更不了|||4
基础业务办理|||套餐变更|||听说有畅越套餐，怎么从网上查不到|||2
基础业务办理|||套餐变更|||为什么没有显示低价套餐，不让自行变更？！|||234
基础业务办理|||套餐变更|||怎么不能线上改套餐了？|||34
基础业务办理|||套餐变更|||更改不了，太坑了，我得叫我的朋友不要再办联通了|||4
基础业务办理|||套餐变更|||点了一天一直无法退订|||4
基础业务办理|||套餐变更|||你好！能吧后增加的业务给解除吗？|||3
基础业务办理|||套餐变更|||最近给我办的99元冰激凌会员30元20G流量是哪个营业厅给我办理的|||0
基础业务办理|||套餐变更|||点错了套餐变更还不能变回来？？？什么意思|||4
基础业务办理|||套餐变更|||无法进行套餐变更，升级套餐都不行，自由组合套餐也不见了！|||4
基础业务办理|||套餐变更|||空中课堂流量包，我定错了可以退吗。|||3
基础业务办理|||套餐变更|||为什么不能用不能上网有什么用我要退款|||3
基础业务办理|||套餐变更|||不小心将大王卡改成天王卡了，想将天王卡改成大王卡。|||0
基础业务办理|||套餐变更|||人工服务说app内可以更改套餐，点进来又不可以，好不容易打通的人工服务，联通能不能靠点谱，都想弃号了|||1
基础业务办理|||套餐变更|||给我关了|||0
基础业务办理|||套餐变更|||不让改套餐，不让报停|||4
基础业务办理|||套餐变更|||很不理解，为什么这2个月在正常使用情况下收费会多出那么多？|||3
基础业务办理|||套餐变更|||我要变更套餐|||0
基础业务办理|||套餐变更|||关闭白金套餐用原来的就行了|||0
基础业务办理|||套餐变更|||我的手机号怎么不能改19元的腾讯王卡|||34
基础业务办理|||套餐变更|||不喜欢5G的了|||0
基础业务办理|||套餐变更|||套餐改不了|||4
基础业务办理|||套餐变更|||我想升级地王卡点开就是请查询附近营业厅啥东西呀操|||2
基础业务办理|||套餐变更|||更改套餐都改不了，差|||4
基础业务办理|||套餐变更|||变更套餐栏目中没有业务标题|||2
基础业务办理|||套餐变更|||没有办理4g套餐的地方了|||2
基础业务办理|||套餐变更|||不让更改套餐坑人|||4
基础业务办理|||套餐变更|||定多了不能退好烦啊|||4
基础业务办理|||套餐变更|||就想请问在哪退订，每月扣我50|||3
基础业务办理|||套餐变更|||为什么办不了冰淇淋套餐|||3
基础业务办理|||套餐变更|||这套餐怎么退啊|||3
基础业务办理|||套餐变更|||系统无故更改我的套餐，19元一个月的大王卡忽变129元的坑人卡，说什么是5G套餐，问题是我4G手机能用5G套餐吗？太坑人，我要投诉10010|||0
基础业务办理|||套餐变更|||请问还有更贵的套餐吗？呵呵，自主变更，就您这199元20G的套餐谁用，想想清楚好伐|||0
基础业务办理|||套餐变更|||我这都离开武汉了，办理别的套餐还要回武汉。而且也没有什么优惠服务，我这号还有留着的必要么？|||0
基础业务办理|||套餐变更|||不得不说真的坑几天下来除了欠费就是欠费坑钱的东西换号算了无语|||0
基础业务办理|||套餐变更|||业务员什么都没说清也没说要收费就帮我换了套餐我一看短信提醒才知道自己家有wifi需要办理那干嘛说什么送视频会员一年的诱饵来骗升级涨业绩我已经跟控制情绪再说话了希望能尽快解决|||1
基础业务办理|||套餐变更|||没看清楚套餐变更就确定了想取消也取消不了，希望帮忙取消一下。|||4
基础业务办理|||套餐变更|||就不能不用自动续费，手动不行，就想坑人。中国人整中国人有意思嘛|||0
基础业务办理|||套餐变更|||为什么私自更改套餐？老人机，又上不了网，老人又不懂，只接打电话。之前是15元月租，现在48元。必须改回2019年11月之前的套餐。补回乱扣费。两个老人的联通卡都被乱扣费，今天才发现，投诉一直跟进。|||3
基础业务办理|||套餐变更|||怎么查询不了剩余流量!|||34
基础业务办理|||套餐变更|||感觉校园卡离开学校就不能用了真的不方便，学生们时间一半在家里一半在学校，离开学校还得换一个卡，太麻烦啦，而且月租也不便宜。|||1
基础业务办理|||套餐变更|||为什么不能自助办理套餐变更|||34
基础业务办理|||套餐变更|||随意更改流量套餐|||0
基础业务办理|||套餐变更|||就更改过一次怎么成了两次而且改个套餐谁还跑营业厅|||3
基础业务办理|||套餐变更|||麻烦帮忙取消这个套餐|||0
基础业务办理|||套餐变更|||页面让我想更改套餐下载联通客户端，结果客户多又取消不了套餐，叫打电话给10010，什么事呀，推来推去的|||1
基础业务办理|||套餐变更|||什么东西|||0
基础业务办理|||套餐变更|||用几年了，老人机为什么乱收费？又不能上网。平时就接下电话。恢复2019年11月之前的资费标准。补回扣的费用。两台老人机都乱扣费，另一个老人机也私自改成48元套餐了。一直投诉跟进。|||34
基础业务办理|||套餐变更|||一点都不准我都下了几集电视了剩余流量还没变|||4
基础业务办理|||套餐变更|||自助更改套餐都不能完成，太烂了|||4
基础业务办理|||套餐变更|||我想知道最新套餐信息。|||0
基础业务办理|||套餐变更|||改套餐都改不了|||4
基础业务办理|||套餐变更|||为什么人家可以直接在这个页面换？我不能？凭什么？我不是联通用户？|||234
基础业务办理|||套餐变更|||取消10元套餐|||0
基础业务办理|||套餐变更|||我办的套餐19元的腾讯王卡套餐为什么没有我的同意就让我办成合约套餐呢还不能取消|||3
基础业务办理|||套餐变更|||为什么一定要去营业店更换套餐呢|||3
基础业务办理|||套餐变更|||本来加了十元钱要了个电视机顶盒，觉着不好去营业厅退了，应该扣费是49元的，现在一查还是扣的59元|||0
基础业务办理|||套餐变更|||取消5G升级包99元30G|||0
基础业务办理|||套餐变更|||无法退订|||4
基础业务办理|||套餐变更|||为什么有手机在自助营业厅里改不了套餐|||34
基础业务办理|||套餐变更|||没有地方可以取消的吗|||34
基础业务办理|||套餐变更|||我现在用卡有一年了，申请一元一G就是申请不了，麻烦帮我看一下怎么回事。谢谢！！|||0
基础业务办理|||套餐变更|||如何退订|||34
基础业务办理|||套餐变更|||退订套餐没有退订选项，人工服务无法接通|||124
基础业务办理|||套餐变更|||无法变更套餐|||4
基础业务办理|||套餐变更|||你这客服有什么用啊，流量包也退不了|||14
基础业务办理|||套餐变更|||套餐变更|||0
基础业务办理|||套餐变更|||视频教学操作，在手机营业厅就能改，为什么我改不了？|||3
基础业务办理|||套餐变更|||套餐无法变更!|||4
基础业务办理|||套餐变更|||我的流量|||0
基础业务办理|||套餐变更|||我想现在变更这个套餐，为什么不可以？|||34
基础业务办理|||套餐变更|||自动给家里老人订购的六元增值业务，|||0
基础业务办理|||套餐变更|||为什么用不了|||3
基础业务办理|||套餐变更|||套餐变更永远都打不开，出故障|||4
基础业务办理|||套餐变更|||我使用的这张卡也能更改腾讯王卡吗？|||3
基础业务办理|||套餐变更|||更改套餐的时候，上面显示无法更改套餐，但是具体原因却不说明，说参考业务说明2114000347，谁知道这业务说明在哪犄角旮旯，啥玩意儿啊，这玩意儿有个屁用，一点都不透明和自由选择|||0
基础业务办理|||套餐变更|||弄了一大堆废柴项目，主业一点也不清晰。你是联通吗？有个电信的样子，半个业务都办不了，弄一大堆乱七八糟的。烦死了，破软件|||1
基础业务办理|||套餐变更|||我的无法显示4G套餐变更|||24
基础业务办理|||套餐变更|||不能取消订单是怎么回事|||4
基础业务办理|||套餐变更|||现在都没有别的4G套餐了，坑的很，一段时间逼你换个贵的套餐，和买的时候说的完全不一样，现在流量不够，想换个套餐又逼着非得换成5G的套餐了，|||4
基础业务办理|||套餐变更|||乱说服务乱扣费得不到确定的处理|||4
基础业务办理|||套餐变更|||无限流量怎么有封顶了？|||3
基础业务办理|||套餐变更|||如何退订业务？？？|||3
基础业务办理|||套餐变更|||如何退订业务？？？|||3
基础业务办理|||套餐变更|||取消30元40G全国流量包，申请了多吃有没有给解决|||0
基础业务办理|||套餐变更|||没有套餐变更选项|||24
基础业务办理|||套餐变更|||大王卡转地王卡都可以，为啥地王卡转大王卡都不行|||4
基础业务办理|||套餐变更|||我想取消10元校园流量权益|||0
基础业务办理|||套餐变更|||流量太少了，和当时说的不一样，流量也没封顶|||1
基础业务办理|||套餐变更|||不能提交|||4
基础业务办理|||套餐变更|||不会|||0
基础业务办理|||套餐变更|||为啥无法退订已购的流量包？？？|||3
基础业务办理|||套餐变更|||乱扣费！|||4
基础业务办理|||套餐变更|||我想把套餐改一下这个有点不对我想把五级套餐把他改掉还是四级套餐|||0
基础业务办理|||套餐变更|||所有业务，开，秒开，退订，出错，这操作牛逼啊|||4
基础业务办理|||套餐变更|||垃圾|||0
基础业务办理|||套餐变更|||无法进行线上套餐变更|||4
基础业务办理|||套餐变更|||49元全国流量冰激凌套餐这个月使用了20G后就用完了以前不是这样的这个应该是无限量流量除了限速以外现在我从话费里扣了40元左右|||0
基础业务办理|||套餐变更|||我不要5G流量，你们客服骗人，说什么4G手机也可以用5G流量结果还是4G。我要换回地王卡套餐。|||1
基础业务办理|||套餐变更|||我要办理该流量包|||0
基础业务办理|||套餐变更|||业务都查不到|||4
基础业务办理|||套餐变更|||目前本人不在宽带所在地居住多年，且该号码绑定的宽带也早已停办，却一直无法更改套餐，被要求要回到当地办理。请问，联通业务还无法达到全国联网吗？现在办证都可以异地办理，我更改一个套餐要从成都回到长春才行？麻烦解答谢谢。|||3
基础业务办理|||套餐变更|||用不了，想退了|||4
基础业务办理|||套餐变更|||为什么不能退订|||34
基础业务办理|||套餐变更|||现在是大王卡，在国外就收下信息，能改套餐吗|||3
基础业务办理|||套餐变更|||办理超级会员的时候你们人工不是说，扣费后不再计费的，为什么现在每个月扣费了还要计费，一点信用都没，，这什么破卡，，|||1
基础业务办理|||套餐变更|||多收话费，流量一元套餐|||0
基础业务办理|||套餐变更|||现在因为疫情无法出门到营业厅办理业务，套餐到期了要怎么办理续用|||3
基础业务办理|||套餐变更|||更换4g腾讯大王卡卡|||0
基础业务办理|||套餐变更|||我想取消这个套餐|||3
基础业务办理|||套餐变更|||我的卡是腾讯大王卡，不知道怎么突然订购了超级会员（白银版），每个月的固定消费快多了一倍，本来每月消费19，现在每月消费35，也不知道花在什么地方，帮我取消一下多余的业务，每月固定费19元就好|||0
基础业务办理|||套餐变更|||30元2G的这个流量包为什么不可以退订？？|||34
基础业务办理|||套餐变更|||希望把套餐退订加入进来|||0
基础业务办理|||套餐变更|||套餐变更与副卡有什么关系？？？？|||3
基础业务办理|||套餐变更|||我的套餐是无限量流量套餐为什么给我改成20G限量套餐呢，为什么，我们是老客户你们就这样随意更改客户套餐骗钱吗。给我一个说法|||1
基础业务办理|||套餐变更|||为哈改不了套餐，人工服务还打不通，牛逼哦，我都没有预约5g说我预约了，也是牛逼了哎气死我了|||1
基础业务办理|||套餐变更|||我要退订|||0
基础业务办理|||套餐变更|||为什么不能变更套餐|||34
基础业务办理|||套餐变更|||我积分怎么没有啦？|||3
基础业务办理|||套餐变更|||为什么不可以取消套餐|||34
基础业务办理|||套餐变更|||当地营业厅不给取消套餐|||4
基础业务办理|||套餐变更|||一月底套餐合约到期，之前给客服打电话说是变更不了，必须去营业厅办理，因为新型冠状肺炎，全部停止办理业务，手机停机按照原来套餐全部缴费，不是我不去营业厅办理，也不是你们不开门营业，我就想问一问联通公司，有没有考虑过我们消费者的权益。谢谢|||1
基础业务办理|||套餐变更|||5G129套餐只能改4G99了？用不了那么多不是浪费钱吗，太坑了，这个月不能改，只能换移动或电信了，太坑了|||34
基础业务办理|||套餐变更|||我想变更成每月最低消费8元的|||0
基础业务办理|||套餐变更|||手机不支持5G怎么换不回来了真坑。一王卡三天三十啧啧可真厉害|||4
基础业务办理|||套餐变更|||平日不使用该卡打电话，想转为流量卡，可以转吗？|||0
基础业务办理|||套餐变更|||怎么取消附加业务|||3
基础业务办理|||套餐变更|||页面显示的是800分钟，点进去就变500分钟？美团骑手app申请天王卡骑手版是800分钟的。我都反馈好几天怎么还不改一下啊？|||23
基础业务办理|||套餐变更|||套餐什么时候到期都不容易差，啥营业厅啊|||4
基础业务办理|||套餐变更|||套餐变更不了|||4
基础业务办理|||套餐变更|||套餐线上无法变更，线上人工也一直连接不到？？？每次快到了又突然重排了？？|||134
基础业务办理|||套餐变更|||退订不了地网卡服务。投诉工信部了再不回|||4
基础业务办理|||套餐变更|||什么黑明单|||0
基础业务办理|||套餐变更|||不能变更套餐|||4
基础业务办理|||套餐变更|||取消订单|||0
基础业务办理|||套餐变更|||我要取消订单，|||0
基础业务办理|||套餐变更|||sp增值业务退订不了|||4
基础业务办理|||套餐变更|||为什么不能更改套餐|||34
基础业务办理|||套餐变更|||怎么变更套餐|||3
基础业务办理|||套餐变更|||不能取消会员|||4
基础业务办理|||套餐变更|||我想换套餐怎么不行|||34
基础业务办理|||套餐变更|||乱收费|||4
基础业务办理|||套餐变更|||为什么无法变更套餐|||34
基础业务办理|||套餐变更|||1元1G的套呢？|||3
基础业务办理|||套餐变更|||无法取消套餐变更。|||4
基础业务办理|||套餐变更|||怎么取消这个流量套餐|||34
基础业务办理|||套餐变更|||我要退订这个流量包，怎么退？|||3
基础业务办理|||套餐变更|||不能变更套餐|||4
基础业务办理|||套餐变更|||联通是穷的要关门了吗？这样坑广大号主，联通后台私自更改套餐，变相增加费用，这是黑心公司。|||1
基础业务办理|||套餐变更|||为什么这个套餐退订不了?|||34
基础业务办理|||套餐变更|||什么鬼，以后再也不参加这种垃圾套餐送腾讯会员活动，太垃圾，两次过期，忘记很正常啊，就过期了，真的无语|||0
基础业务办理|||套餐变更|||为什么没有普通套餐变更|||34
基础业务办理|||套餐变更|||不好意思我这才两天怎么流量没了所以我想重新办理|||0
基础业务办理|||套餐变更|||我要变套餐变成59的套餐|||0
基础业务办理|||套餐变更|||我要变套餐|||0
基础业务办理|||套餐变更|||怎么不能取消？|||34
基础业务办理|||套餐变更|||本人12月27日办理的联通号，办时给营业员数名，此号不常用，流量什么不用开，结果1月份通知我话费欠费，请看看我打过几次电话？查询后才知，给我办的是49元套餐，这是严重欺骗消费者行为，办号时说的很清楚，什么都不要，只用号吗注册东西用，还给我49元套餐，你们缺钱缺疯吗？打电话变更套餐还没解决|||1
基础业务办理|||套餐变更|||变更不了套餐！|||4
基础业务办理|||套餐变更|||为什么只能更换王卡套餐|||34
基础业务办理|||套餐变更|||找不到怎么变更套餐，难道非要去一下营业厅不可吗？|||234
基础业务办理|||套餐变更|||转人工，改咨费|||0
基础业务办理|||套餐变更|||为什么取消不了|||34
基础业务办理|||套餐变更|||无法取消39元套餐|||4
基础业务办理|||套餐变更|||我要退掉这个套餐|||0
基础业务办理|||套餐变更|||想要更改套餐，更改不了|||4
基础业务办理|||套餐变更|||老用户合约是什么，现在办不了套餐了|||34
基础业务办理|||套餐变更|||我们这边没有营业厅。所以还是手机上操作方便一点。|||0
基础业务办理|||套餐变更|||想换成一元800MB的套餐，没有了|||0
基础业务办理|||套餐变更|||退|||0
基础业务办理|||套餐变更|||能帮我取消超级会员黄金版吗，就是20G的流量套餐，现在不需要了，或者告诉我如何取消，如果能直接取消就更好了|||0
基础业务办理|||套餐变更|||明明是12月31到期，F在ü是自邮褂弥小６嘟涣?ü月的遑|||0
基础业务办理|||套餐变更|||我目前将上个月用的99元冰淇淋套餐升级到129元套餐。本来99元套餐是20G限速，还可以继续上网，没想到129元的套餐不是的，现在超过的流量收费完全超出想象，你们完全是在玩文字游戏。并且现在还不能换回以前用的套餐，让我们疫区人们不能上网，真是哭笑不得，服了你们联通，等我上班了我就携号转网，我还要在315的时候投诉你们。|||1
基础业务办理|||套餐变更|||办理套餐与当前套餐冲突，无法办理是什么意思？凭什么不能改套餐|||4
基础业务办理|||套餐变更|||我想把老爸换套餐换不了。想实名认证也不可以。服务密码多少|||4
基础业务办理|||套餐变更|||没有征求我的意见，修改我的套餐|||0
基础业务办理|||套餐变更|||取消套餐变更根本取消不了，垃圾软件|||4
基础业务办理|||套餐变更|||我要取消彩铃的套餐|||0
基础业务办理|||套餐变更|||退订不了。|||4
基础业务办理|||套餐变更|||怎么可以退订|||34
基础业务办理|||套餐变更|||产生了多余的收费好，被电话业务员坑了30块。流量用不到那么多，希望还给我。|||1
基础业务办理|||套餐变更|||解除山西冰激凌超级会员包30元20GB(套内国内流量(20.0G))|||0
基础业务办理|||套餐变更|||想改回以前的19套餐|||0
基础业务办理|||套餐变更|||留客户的手段:一年内，一年后。图示|||0
基础业务办理|||套餐变更|||什么啊，跟人就看不懂|||0
基础业务办理|||套餐变更|||大王卡的日租宝开没开能不能给发个短信提个醒，每个剩了多少也不清楚，吃相难看了点ba|||0
基础业务办理|||套餐变更|||自动附加了一个128套餐，我自己都没订。坑钱的吧|||4
基础业务办理|||套餐变更|||开始是一月73套餐，现在变成一月99。私自改业务，套餐费太贵，用不起，考虑换电信。|||0
基础业务办理|||套餐变更|||提供的更换套餐过少|||0
基础业务办理|||套餐变更|||年前总给我打电话，说加十元话费，有什么优惠，现在怎么这么费话费啊！什么原因，不行我就不用这个号，用移动的|||0
基础业务办理|||套餐变更|||请问这个10元一个G的流量月包，怎么取消呢？|||3
基础业务办理|||套餐变更|||我根本就没有开通这个合约，霸王条款嘛这是|||0
基础业务办理|||套餐变更|||网络在家里一点都不好，网都没有|||1
基础业务办理|||套餐变更|||在本人不知情的情况下，更换本人的套餐。大学生很好骗吗？|||0
基础业务办理|||套餐变更|||以前大王卡每个月送1G全国流量，现在怎么找不到了。|||2
基础业务办理|||套餐变更|||为什么不能更换套餐|||34
基础业务办理|||套餐变更|||订购套餐无法更改和退订，限速后老是跳2g网，正常网速连打开视频都做不到，还有那么高的收费。到办理套餐的营业厅去，说只能升级套餐不可以降级，也不可以更改。真是够恶心的。可以告诉我怎么解决吗。真心不想用这个套餐了。最好是可以换套餐或者携号转移。|||4
基础业务办理|||套餐变更|||为什么不可以退订？|||34
基础业务办理|||套餐变更|||一个月4G流量，我就问你怎么用，你觉得够吗，辣鸡软件|||0
基础业务办理|||套餐变更|||垃圾五G为了5G信号屏蔽4G垃圾|||0
基础业务办理|||套餐变更|||套餐变更不了|||4
基础业务办理|||套餐变更|||为什么不能继续订购了，当时明明说你们这个可以到三月份的。预订享受翻倍流量现在页面打不开，我无法在规定时间内续订你们要给我一个解释，我我的损失进行处理|||1
基础业务办理|||套餐变更|||原来没显示什么期限到期，现在1元1G流量包和50分钟语音包就显示2029期限。套餐里1元1G和50分钟语音就有期限联通是真的牛啊。2029年期限1元1G流量包到期没问题，50分钟语音不行。原来只有取消1元1G流量包，现在又来，显示50分钟语音到2029年到期申请时都没说哪时有期限到期50分钟语音包是不可能的|||0
基础业务办理|||套餐变更|||你们实体店客服给我说是天王卡，然后现在给我弄了一个这个，我现在流量都不够用，|||1
基础业务办理|||套餐变更|||还没有上网，怎么办？|||0
基础业务办理|||套餐变更|||新用户办理5G套餐留7折，老用户啥优惠都没有？你们要不要点逼脸|||1
基础业务办理|||套餐变更|||还没上线|||0
基础业务办理|||套餐变更|||我想取消五G流量包，换回4G流量包。|||0
基础业务办理|||套餐变更|||大王卡就是一个坑，垃圾的很|||0
基础业务办理|||套餐变更|||为什么不可以自己换套餐|||34
基础业务办理|||套餐变更|||听说上网功能关闭了，我想继续上网。|||0
基础业务办理|||套餐变更|||这个流量用的太快，我都不知道怎么扣费的|||0
基础业务办理|||套餐变更|||说变更套餐，你说什么副卡，傻B吗！|||1
基础业务办理|||套餐变更|||真的恶心，订了不能取消|||4
基础业务办理|||套餐变更|||联通公司发信息过来说回馈老用户，赠送流量，回复后，根本办不了，客服也搞不定，差评，差评，差评|||1
基础业务办理|||套餐变更|||老是这样子！？|||0
基础业务办理|||套餐变更|||我要取消这个套餐什么冰淇淋，我根本不知道，现在又不能出去，打客服又让我去营业厅，这不是坑钱吗|||1
基础业务办理|||套餐变更|||老是出问题加载不出来|||24
基础业务办理|||套餐变更|||套餐变更没有短信没通知就变更，而且套餐活动与你们说的不一致，当时介绍的月租30有流量20g可是变更后的和之前没什么不一样|||1
基础业务办理|||套餐变更|||你是觉得我家里有矿吗？那么贵的套餐我还得起|||0
基础业务办理|||套餐变更|||怎么取消不了，按错了，变更套餐|||4
基础业务办理|||套餐变更|||这个冰淇淋套餐太坑人了，月租贵流量少，而且不能换回天神卡日租流量包套餐，烦死了|||0
基础业务办理|||套餐变更|||我的十九元套餐卡给20G流量，现在不那样做吗？我查一下一个月的钱不够用了。谢谢|||0
基础业务办理|||套餐变更|||他妈的，都不给我自己取消，妈逼的|||4
基础业务办理|||套餐变更|||退订不了怎么回事|||34
基础业务办理|||套餐变更|||恢复我原来套餐|||0
基础业务办理|||套餐变更|||我本来是月租只要5块钱的现在系统接着帮我搞成了58块钱的月租还欠50多块钱|||0
基础业务办理|||套餐变更|||？？|||0
基础业务办理|||套餐变更|||有流量还扣我话费？|||3
基础业务办理|||套餐变更|||话费实在扣得太快一个月一两百|||0
基础业务办理|||套餐变更|||退订不了。这是为了什么|||34
基础业务办理|||套餐变更|||订购的网络不能用|||4
基础业务办理|||套餐变更|||流量包不能在线取消|||4
基础业务办理|||套餐变更|||我要停止服务办不到！|||4
基础业务办理|||套餐变更|||怎么取消|||3
基础业务办理|||套餐变更|||就几个5G套餐，其他都没有|||4
基础业务办理|||套餐变更|||怎么取消不能取消就不用大王卡了垃圾|||4
基础业务办理|||套餐变更|||为什么无法取消订购流量包？|||34
基础业务办理|||套餐变更|||app不能选便宜优惠优惠套餐，太贵了|||2
基础业务办理|||套餐变更|||无法换便宜套餐|||4
基础业务办理|||套餐变更|||一个月99元的怎么退不了？我以前是70元怎么又99元了?|||34
基础业务办理|||套餐变更|||我要退订|||0
基础业务办理|||套餐变更|||帮我取消日租宝行不行，或者给我取消那个爱国流量包，太费钱了，谢谢。|||0
基础业务办理|||套餐变更|||不知道回答的是什么鬼|||1
基础业务办理|||套餐变更|||有叠加了我的套餐。费用也跟着叠加了|||0
基础业务办理|||套餐变更|||我向客服问问题，他总是不给我针对性的回答，又没有告诉我操作方法，你说到底该怎么办？|||1
基础业务办理|||套餐变更|||套餐不知道怎么就办了。现在都快欠钱了。退订怎么办？|||3
基础业务办理|||套餐变更|||现在这什么狗屁套餐，钱花多了流量不够用，想变回4G套餐手机营业厅办不了，想办流量包又特么那么贵，去营业厅办理现在又没营业，再这么坑特么就换运营商|||4
基础业务办理|||套餐变更|||为什么不能变更套餐|||34
基础业务办理|||套餐变更|||帮我把尊享权益包白银版给取消，谢谢。|||0
基础业务办理|||套餐变更|||为什么取消不了？麻烦处理一下|||34
基础业务办理|||套餐变更|||联通的套餐太垃圾|||0
基础业务办理|||套餐变更|||乱收费|||4
基础业务办理|||套餐变更|||推出5G以后4G用户办理业务都没有服务选项了|||2
基础业务办理|||套餐变更|||我的卡老是扣话费然后没用什么流量也扣可以变更套餐嘛我感觉用了腾讯的也没免流|||0
基础业务办理|||套餐变更|||亲爱的联通领导们，准备退网服务，希望日后还有机会重遇，退网原因主要涉及服务沟通非常之后，处理效率慢及使用中的套餐无提示暗自涨价，同时平日工作使用起来也感觉跟其他运营商整体权衡后存在差异，最终选择放弃|||1
基础业务办理|||套餐变更|||敢问你们这个怎么退订|||34
基础业务办理|||套餐变更|||我这个套餐居然没有可购买的加速包，服了也是|||2
基础业务办理|||套餐变更|||日租宝不是一元一个G吗？现在国难当头涨价了？|||3
基础业务办理|||套餐变更|||我没有订购那个圣代，平白续订五个月卧槽口吐芬芳了我，白交这么久话费，儿滴赶紧给我解决喽|||1
基础业务办理|||套餐变更|||月租流量被你们吃了？|||0
基础业务办理|||套餐变更|||只能转更贵的不能转成其他普通套餐可还行|||0
基础业务办理|||套餐变更|||为什么套餐改不了，还有我根本没有签过这个合约，凭什么我就是合约期内无法更改套餐|||34
基础业务办理|||套餐变更|||我现在为什么用不了流量|||4
基础业务办理|||套餐变更|||没有显示变更后的套餐|||2
基础业务办理|||套餐变更|||不能退订收费套餐？|||34
基础业务办理|||套餐变更|||5g升级包太贵了麻烦帮我退调套餐。|||0
基础业务办理|||套餐变更|||这个怎么取消|||3
基础业务办理|||套餐变更|||能不能改回之前的套餐|||3
基础业务办理|||套餐变更|||变更套餐还要跑到营业厅去太麻烦了，现在这种时期我已经很久没有出门了，没有口罩，你要我现在去外面变更套餐根本就不可能。为什么网上就不能变更套餐？我打人工客服的电话也是一直繁忙。无语了。|||134
基础业务办理|||套餐变更|||我想改回之前的套餐，但是没有|||0
基础业务办理|||套餐变更|||不想玩啊啊啊|||0
基础业务办理|||套餐变更|||取消这个套餐，要19月原来的套餐|||0
基础业务办理|||套餐变更|||我套餐想改改不了每个月收这么多，人工不接，手厅办不了真坑，求解|||14
基础业务办理|||套餐变更|||联通后台自动更改我业务，虚拟号已经取消好几遍了，最后还没给取消|||4
基础业务办理|||套餐变更|||我的手机不是5g手机，但是我开通了5g套餐又用不了，我想取消套餐，又取消不了，一个月100来快，才30g流量，一点都不好用|||4
基础业务办理|||套餐变更|||因疫情严重未能及时到营业厅更改套餐，造成多扣费|||0
基础业务办理|||套餐变更|||办理页面在哪里，我在使用联通业务办理功能的时候只能感受到憋屈两个字，不论是页面功能还是客服咨询|||2
基础业务办理|||套餐变更|||不能取消订单|||4
基础业务办理|||套餐变更|||目前套餐不好用|||0
基础业务办理|||套餐变更|||为什么不能成功取向套餐？|||34
基础业务办理|||套餐变更|||大王卡怎么就变更地王卡了呢？我没有开通呀|||3
基础业务办理|||套餐变更|||套餐不好|||0
基础业务办理|||套餐变更|||为什么换不成？|||34
基础业务办理|||套餐变更|||不能进行套餐变更|||4
基础业务办理|||套餐变更|||以前订购的套餐不想要了怎么退不了|||3
基础业务办理|||套餐变更|||如何退订|||3
基础业务办理|||套餐变更|||超级会员白银版怎么不让退订，找了1个小时没找到退订的位置，做得太隐蔽了，坑消费者|||24
基础业务办理|||套餐变更|||套餐变更取消不了|||4
基础业务办理|||套餐变更|||垃圾，业务都取消不了|||4
基础业务办理|||套餐变更|||“服务”入口“办理”项目进去“套餐变更”选项，未出现可选择的套餐，而是提示“套餐变更副卡上限数量为两张，请前往附近营业厅办理”|||2
基础业务办理|||套餐变更|||我要取消套餐，为什么不可以|||34
基础业务办理|||套餐变更|||退订流量包不成功|||4
基础业务办理|||套餐变更|||我接到电话从来没有通知订购或者变更套餐。我也没有在长沙本地。|||0
基础业务办理|||套餐变更|||不支持升级|||4
基础业务办理|||套餐变更|||流量套餐无法退订，|||4
基础业务办理|||套餐变更|||系统反应迟钝，服务不够到位|||4
基础业务办理|||套餐变更|||能不能帮我改回来|||0
基础业务办理|||套餐变更|||客服难进套餐还查询不到|||1
基础业务办理|||套餐变更|||800和500解释下|||0
基础业务办理|||套餐变更|||我想退15G的流量套餐，可是没办法退！没接电话，也有线客服也出现问题！还扣钱了！|||14
基础业务办理|||套餐变更|||没办套餐多了一个，额外收费40元|||0
基础业务办理|||套餐变更|||联通公司自动给我生效套餐，不让我修改啊|||4
基础业务办理|||套餐变更|||我要退订这么搞？神马玩意，给我弄这个东西扣我钱？|||0
基础业务办理|||套餐变更|||换套餐的时候说免流量的，结果不能，还不如原来的网卡，不行的话帮我换回来|||4
基础业务办理|||套餐变更|||不能变更|||4
基础业务办理|||套餐变更|||你妈的比|||0
基础业务办理|||套餐变更|||当时客服跟我说这个套餐跟我之前的套餐费用是一样的，但事实是比我之前那个套餐贵了的，现在我要取消这个套餐，客服还一直这样|||1
基础业务办理|||套餐变更|||为什么2月一号不经过本人同意，送短信合约2年|||0
基础业务办理|||套餐变更|||为什么主卡和副卡在一起就不能根改套餐了也不可以在手机营业厅上取消副卡|||4
基础业务办理|||套餐变更|||垃圾|||0
基础业务办理|||套餐变更|||我想退订流量|||0
基础业务办理|||套餐变更|||流量套餐变更，网速太慢，视频一个都加载不出来|||1
基础业务办理|||套餐变更|||我要退了|||0
基础业务办理|||套餐变更|||我订的20元流量包说打五折返回十元，什么时候返回?|||0
基础业务办理|||套餐变更|||我想办理回之前的套餐19块钱的月租|||0
基础业务办理|||套餐变更|||我要退套餐|||0
基础业务办理|||套餐变更|||这个流量包我要退订|||0
基础业务办理|||套餐变更|||原套餐36元一月的，联通为什么都不通过用户同意就给加月租到52元改套餐，而且电话给他们还不愿意改回来，这是什么行为。|||0
基础业务办理|||套餐变更|||无法换套餐，另外，线下服员员未向客户推荐合理套餐，觉得费用太多，不合理|||1
基础业务办理|||套餐变更|||想要变回原来套餐。|||0
基础业务办理|||套餐变更|||流量少费用高！真是够扣门的！|||0
基础业务办理|||套餐变更|||原套餐39现在莫名其妙缴50还不够，几个意思|||0
基础业务办理|||套餐变更|||我怎么会有叠加50元的套餐呢？|||0
基础业务办理|||套餐变更|||我要月租19的怎么弄|||0
基础业务办理|||套餐变更|||为什么取消不了，诈骗吗？|||3
基础业务办理|||套餐变更|||为什么会自动订流量包|||3
基础业务办理|||套餐变更|||被莫名其妙办了个会员业务，都不知道话费被扣了，后来发现自己居然还不是会员|||0
基础业务办理|||套餐变更|||为什么不能退订|||34
基础业务办理|||套餐变更|||恢复大王卡本来套餐|||0
基础业务办理|||套餐变更|||如何把套餐变更成大王卡本来的套餐|||0
基础业务办理|||套餐变更|||我不想用了|||0
基础业务办理|||套餐变更|||这个附加合约我没有同意，是自动生成的么，如何取消|||3
基础业务办理|||套餐变更|||我真的是把中国联通的妈杀了莫名其妙订了流量包还取消不了真的中国联通你妈不死？|||0
基础业务办理|||套餐变更|||合约版黄金会员我也没办呀，怎么说随便就给我变更了呢，每个月扣费还那么多|||4
基础业务办理|||套餐变更|||退了啊|||0
基础业务办理|||套餐变更|||怎么退|||3
基础业务办理|||套餐变更|||一直是这样的好像这个功能没有开通是的|||2
基础业务办理|||套餐变更|||能不能取消掉这个50元的还有15元的套餐|||0
基础业务办理|||套餐变更|||为什么积分兑换流量取消了|||3
基础业务办理|||套餐变更|||说好的校园流量在校园可以用，怎么用不了|||4
基础业务办理|||套餐变更|||套餐怎样取消？？？|||3
基础业务办理|||套餐变更|||太贵了，不想用。|||0
基础业务办理|||套餐变更|||退订呢？|||23
基础业务办理|||套餐变更|||套餐为什么解除不了？以前不是2020年到期，现在给我改成2029年了？？？联通就是这么欺诈客户的？|||34
基础业务办理|||套餐变更|||不需要这种套餐谁开通的|||0
基础业务办理|||套餐变更|||为什么没有自选套餐了|||3
基础业务办理|||套餐变更|||自己给我办理？|||4
基础业务办理|||套餐变更|||我之前的套餐是怎么订购的?在用户不知晓的情况下给我换了套餐我才发现。一直给我扣钱我上个月啥都没用流量也没用还给我扣钱这个月一下扣80多，你们是怎么回事???上个月1月也扣了60多当我是啥啊？好欺负?总扣我钱那也麻烦你们把我具体使用扣费详情，扣在了哪都给我我要看看|||4
基础业务办理|||套餐变更|||进不去|||2
基础业务办理|||套餐变更|||乱改套餐呵呵骗子卡我不要了|||1
基础业务办理|||套餐变更|||反馈的问题怎么不处理|||1
基础业务办理|||套餐变更|||包月流量怎么取消不了|||34
基础业务办理|||套餐变更|||这个业务我真不需要什么时候办的，我现在只要最低网卡消费就行，其它一切业务都不要|||0
基础业务办理|||套餐变更|||这个怎么取消，我没有需要。|||3
基础业务办理|||套餐变更|||app上什么都干不了、还要这app干嘛、明天下线吧、|||4
基础业务办理|||套餐变更|||无法取消流量包|||4
基础业务办理|||套餐变更|||5g用不了|||4
基础业务办理|||套餐变更|||怎么退订奥|||3
基础业务办理|||套餐变更|||能不能把我这个流量包给弄掉我不用了|||0
基础业务办理|||套餐变更|||私自订阅套餐！1月7日我已经退订了王卡超级会员然后你们在没有通知我，也没有经过我同意的情况下给我订阅了合约版超级会员，这算不算坑害消费者，我要退订这个服务。如果没法解决我就工信部投诉了|||1
基础业务办理|||套餐变更|||不管用怎么退订奥|||3
基础业务办理|||套餐变更|||我大王卡怎么变成地王卡了|||0
基础业务办理|||套餐变更|||38元套餐300分钟10GM，什么时候改38元套餐500分钟无线流量。你们业务员误导我，什么时候改什么时候不投诉|||1
基础业务办理|||套餐变更|||用的不好，我想退订。|||0
基础业务办理|||套餐变更|||变更不回原来套餐了19元一个月|||4
基础业务办理|||套餐变更|||我想改成米粉卡套餐，我上个月把米粉卡套餐改成了米粉王卡套餐，我这个月发现这个套餐太贵了，我是大学生，原来一个月租五元每天一个g一个月花不到40元，我算了一下这个套餐19元月租，5元一g，一个月用30g，要花140元左右，用不起了啊，如果改不了的话我只能放弃联通了|||0
基础业务办理|||套餐变更|||一直打电话叫我开通5G！还说什么8折开通，开通了反而网速比原来还慢了，现在为了业绩都这样吗？|||1
基础业务办理|||套餐变更|||换不了套餐，选择内容少|||24
基础业务办理|||套餐变更|||怎么取消业务？|||3
基础业务办理|||套餐变更|||不能退订？|||34
基础业务办理|||套餐变更|||套餐取消还不可以！|||4
基础业务办理|||套餐变更|||4G套餐全被撤了，连最基本的基础组合套餐都没有。|||0
基础业务办理|||套餐变更|||建议用4C网络，5G太浪费了|||0
基础业务办理|||套餐变更|||你这到底能不能改套餐你不能就别整那么个东西改了好几天不是错误就是等待然后就没动静了真心不知道该说什么了能不能修复一下bug|||4
基础业务办理|||套餐变更|||叫取消不取消|||4
基础业务办理|||套餐变更|||这5G根本就没有，还不如4G好，在我家这5G根本开不了，，，那问题来的，不能开为什么还要给我推荐，，我说你们是不是有什么毛病？主要的是，这5G套餐现在是，只能开不能退，我现在就下问，要不就退套餐，回到我原本的套餐，要不就迟卡|||4
基础业务办理|||套餐变更|||我不想用这个流量包了，如何退掉|||3
基础业务办理|||套餐变更|||套餐变更都没有，你们的APP有什么用，在APP上改个资费都不得，落后了|||2
基础业务办理|||套餐变更|||怎么变更不了套餐|||34
基础业务办理|||套餐变更|||无法取消下月即将生效的套餐|||0
基础业务办理|||套餐变更|||黄金版不要，话费还给我|||0
基础业务办理|||套餐变更|||明明我没有升级|||0
基础业务办理|||套餐变更|||话费扣的太多了，我想取消流量包|||0
基础业务办理|||套餐变更|||中国的20元流量包返还十元打五折，什么时候返还?!!|||3
基础业务办理|||套餐变更|||不要这个尊享黄金包|||0
基础业务办理|||套餐变更|||副卡我已经销户了，麻烦给我停掉副卡的消费套餐！|||0
基础业务办理|||套餐变更|||想换套餐|||0
基础业务办理|||套餐变更|||太贵了，流量我自己买|||0
基础业务办理|||套餐变更|||为什么变更不了？|||34
基础业务办理|||套餐变更|||我要退订5G套餐|||0
基础业务办理|||套餐变更|||没发退订|||4
基础业务办理|||套餐变更|||把套餐改成18元的|||0
基础业务办理|||套餐变更|||以后别给我主动推销联通业务，烦死人了|||1
基础业务办理|||套餐变更|||为什么办理的流量月包无法退订？|||34
基础业务办理|||套餐变更|||怎么退掉这个套餐|||3
基础业务办理|||套餐变更|||怎么退订呀？|||3
基础业务办理|||套餐变更|||根本就没有好的套餐，连移动的转一转，和我信都比不上，难怪比不赢人家，人家流量活动都多一些，|||0
基础业务办理|||套餐变更|||改营业员未经我的允许，私自改动我的套餐业务|||1
基础业务办理|||套餐变更|||怎么取消5G套餐|||3
基础业务办理|||套餐变更|||为什么找不到取消或修改套餐的界面？|||23
基础业务办理|||套餐变更|||请麻烦帮忙取消所有套餐！谢谢|||0
基础业务办理|||套餐变更|||为什么不能退订啊|||34
基础业务办理|||套餐变更|||想退订10元的套餐，无法操作|||4
基础业务办理|||套餐变更|||人工客服三天一次打电话死推的套餐，什么王卡铂金版，让我怎么退订现在？死的退订不了|||134
基础业务办理|||沃钱包|||一直都无法打开|||2
基础业务办理|||沃钱包|||以前进入首页就可以看到话费余额等基本信息。新版本弄那些乱七八糟的广告干嘛？|||23
基础业务办理|||沃钱包|||什么啊，真是的|||0
基础业务办理|||沃钱包|||之前的这个流量包不仅自动续，还不让退订？！后来根本以前用处都没有，能否帮我把这个流量包给退订掉？谢谢?|||34
基础业务办理|||沃钱包|||为什么我的卡包用不了|||34
基础业务办理|||沃钱包|||你妹的什么鸡巴卡|||0
基础业务办理|||沃钱包|||什么垃圾软件，想直接看自己的电话费余额，在这个软件里面，半天找不到，你们做这个软件有屁用，卸了卸了。|||2
基础业务办理|||沃钱包|||每个月月租19.40G流量还说有些腾讯软件免流量都是骗人的我用的几乎都是腾讯结果30块钱没几天就没了|||0
基础业务办理|||沃钱包|||人工是什么东西一问三不知，真的垃圾|||1
基础业务办理|||沃钱包|||号码怎么都买不了，有问题这APP也是怎么了|||234
基础业务办理|||沃钱包|||为什么点开签到栏，总是一动不动？|||23
基础业务办理|||沃钱包|||我携号转网到联通的，为啥不支持设置彩铃|||3
基础业务办理|||沃钱包|||就想看剩余多少流量找不到在哪显示，1GB流量写的1.000GB，搞得我误认为有一千GB。总之体验很差|||2
基础业务办理|||沃钱包|||为什么我上午的反馈不给我回话，联通大王卡我真服了，说的什么腾讯什么少流量，呵呵比什么都费，不想在这说脏话|||1
基础业务办理|||沃钱包|||无法退订叠加套餐包，这江苏10元国内语音200分钟要取消|||4
基础业务办理|||沃钱包|||用不起流量|||0
基础业务办理|||沃钱包|||一直是这样|||0
基础业务办理|||沃钱包|||白条申请，视频上传两遍了，上传之后界面就成空白，真难用|||2
基础业务办理|||沃钱包|||为什么看不了余额！|||2
基础业务办理|||沃钱包|||基本功能就可以|||0
基础业务办理|||沃钱包|||基本功能|||0
基础业务办理|||沃钱包|||卡卷激活不了|||4
基础业务办理|||沃钱包|||现在处与疫情防控期间，建议套餐变更等业务可以在线上进行这样有助于减少用户出门。谢谢|||1
基础业务办理|||沃钱包|||春节|||0
基础业务办理|||沃钱包|||简直是个垃圾APP，客户个人想查询的信息，故意隐藏的找不到。|||2
基础业务办理|||沃钱包|||搜索金融服务打不开|||2
基础业务办理|||沃钱包|||PP视频在那|||2
基础业务办理|||沃钱包|||我现在在学校里，为什么还要扣除我校外流量还给我搞出200多M的超出流量了？？？？|||3
基础业务办理|||沃钱包|||我要关闭|||0
基础业务办理|||沃钱包|||扣款方式很新颖一下子600块联通就是牛|||0
基础业务办理|||沃钱包|||借款需还清，还又还不了|||4
基础业务办理|||沃钱包|||你们联通的话费是乱七八糟算的吧，|||0
基础业务办理|||沃钱包|||美丽乡村定向流量无法使用，美丽乡软件因换手机密码丢失无法登录，软件可能扫专用二维码才能登录（不确定），请领导处理一下|||4
